param_name,layer_type,shape,numel,bits_quant,raw_bytes,mse_post,nmse_post,compressed_bytes,compression_ratio,compression_gain_pct,bits_per_element,encode_time,decode_time
bert_embeddings_word_embeddings_weight,Weight,"30522x768",23440896,8,23440896,2.2967,9.32892,14185650,1.65244,39.4833,4.84133,43647.6,43175.5
bert_embeddings_position_embeddings_weight,Weight,"512x768",393216,8,393216,0.0815608,0.326243,244963,1.60521,37.7027,4.98378,883.365,826.382
bert_embeddings_token_type_embeddings_weight,Weight,"2x768",1536,8,1536,0.014974,0.0598958,904,1.69912,41.1458,4.70833,2.5667,2.578
bert_embeddings_LayerNorm_weight,Weight,"768",768,12,1152,89.8281,0.00467486,763,1.50983,33.7674,7.94792,2.5087,2.5207
bert_embeddings_LayerNorm_bias,Bias,"768",768,12,1152,50.2526,15.618,643,1.7916,44.184,6.69792,2.0162,2.1687
bert_encoder_layer_0_attention_self_query_weight,Weight,"768x768",589824,8,589824,0.0671065,0.268426,438819,1.34412,25.6017,5.95186,1470.15,1429.96
bert_encoder_layer_0_attention_self_query_bias,Bias,"768",768,12,1152,24.237,17.5157,835,1.37964,27.5174,8.69792,2.5654,2.3252
bert_encoder_layer_0_attention_self_key_weight,Weight,"768x768",589824,8,589824,0.0686154,0.274462,435729,1.35365,26.1256,5.90995,1501.54,1363.52
bert_encoder_layer_0_attention_self_key_bias,Bias,"768",768,12,1152,27.9388,7.14808,817,1.41004,29.0799,8.51042,2.263,2.2615
bert_encoder_layer_0_attention_self_value_weight,Weight,"768x768",589824,8,589824,0.0852882,0.341153,395674,1.49068,32.9166,5.36667,1400.82,1349.36
bert_encoder_layer_0_attention_self_value_bias,Bias,"768",768,12,1152,37.1263,33.6937,723,1.59336,37.2396,7.53125,2.099,2.2575
bert_encoder_layer_0_attention_output_dense_weight,Weight,"768x768",589824,12,884736,0.00852119,0.0340847,838630,1.05498,5.21127,11.3746,1951.98,1822.28
bert_encoder_layer_0_attention_output_dense_bias,Bias,"768",768,12,1152,36.3008,14.1221,707,1.62942,38.6285,7.36458,2.084,2.2598
bert_encoder_layer_0_attention_output_LayerNorm_weight,Weight,"768",768,12,1152,903.495,0.21878,526,2.19011,54.3403,5.47917,2.0342,2.2076
bert_encoder_layer_0_attention_output_LayerNorm_bias,Bias,"768",768,12,1152,44.7396,57.8451,654,1.76147,43.2292,6.8125,1.9855,1.7985
bert_encoder_layer_0_intermediate_dense_weight,Weight,"3072x768",2359296,12,3538944,0.00337685,0.0135074,4278703,0.827107,-20.9034,14.5084,7628.12,7406.35
bert_encoder_layer_0_intermediate_dense_bias,Bias,"3072",3072,12,4608,181.642,2.25844,2752,1.67442,40.2778,7.16667,8.2127,7.933
bert_encoder_layer_0_output_dense_weight,Weight,"768x3072",2359296,12,3538944,0.0184975,0.0739899,2887661,1.22554,18.4033,9.7916,7578.95,7174.22
bert_encoder_layer_0_output_dense_bias,Bias,"768",768,12,1152,33.8776,7.81234,744,1.54839,35.4167,7.75,2.1547,2.1665
bert_encoder_layer_0_output_LayerNorm_weight,Weight,"768",768,12,1152,98.9336,0.00328075,761,1.5138,33.941,7.92708,2.3392,2.2528
bert_encoder_layer_0_output_LayerNorm_bias,Bias,"768",768,12,1152,43.1029,21.5269,669,1.72197,41.9271,6.96875,1.9266,1.8654
bert_encoder_layer_1_attention_self_query_weight,Weight,"768x768",589824,8,589824,0.0677863,0.271145,439332,1.34255,25.5147,5.95882,1433.73,1343.79
bert_encoder_layer_1_attention_self_query_bias,Bias,"768",768,12,1152,33.9193,6.50668,751,1.53395,34.809,7.82292,2.1233,2.0481
bert_encoder_layer_1_attention_self_key_weight,Weight,"768x768",589824,8,589824,0.0675354,0.270142,438205,1.346,25.7058,5.94354,1433.85,1390.34
bert_encoder_layer_1_attention_self_key_bias,Bias,"768",768,12,1152,0.00260417,0.0104167,1407,0.818763,-22.1354,14.6562,2.4208,2.7569
bert_encoder_layer_1_attention_self_value_weight,Weight,"768x768",589824,8,589824,0.0863461,0.345384,395046,1.49305,33.0231,5.35815,1345.48,1339.66
bert_encoder_layer_1_attention_self_value_bias,Bias,"768",768,12,1152,0.0117188,0.046875,1130,1.01947,1.90972,11.7708,2.3983,2.3852
bert_encoder_layer_1_attention_output_dense_weight,Weight,"768x768",589824,12,884736,0.00537957,0.0215183,963308,0.918435,-8.88084,13.0657,1862.53,1824.9
bert_encoder_layer_1_attention_output_dense_bias,Bias,"768",768,12,1152,27.8984,23.7411,789,1.46008,31.5104,8.21875,2.4123,2.3005
bert_encoder_layer_1_attention_output_LayerNorm_weight,Weight,"768",768,12,1152,0.00911458,0.0364583,581,1.98279,49.566,6.05208,1.871,1.8838
bert_encoder_layer_1_attention_output_LayerNorm_bias,Bias,"768",768,12,1152,43.9557,30.8999,658,1.75076,42.8819,6.85417,1.8545,1.8118
bert_encoder_layer_1_intermediate_dense_weight,Weight,"3072x768",2359296,12,3538944,0.0049536,0.0198144,3937268,0.898832,-11.2554,13.3507,7565.17,7335.49
bert_encoder_layer_1_intermediate_dense_bias,Bias,"3072",3072,12,4608,225.148,19.073,2534,1.81847,45.0087,6.59896,7.4389,6.9428
bert_encoder_layer_1_output_dense_weight,Weight,"768x3072",2359296,12,3538944,0.0225334,0.0901337,2637802,1.34163,25.4636,8.94437,7147.22,7010.57
bert_encoder_layer_1_output_dense_bias,Bias,"768",768,12,1152,28.6146,9.04477,786,1.46565,31.7708,8.1875,3.949,2.5116
bert_encoder_layer_1_output_LayerNorm_weight,Weight,"768",768,12,1152,89.5924,0.00298416,759,1.51779,34.1146,7.90625,2.4051,2.2681
bert_encoder_layer_1_output_LayerNorm_bias,Bias,"768",768,12,1152,154.254,91.4709,670,1.7194,41.8403,6.97917,1.8543,2.1803
bert_encoder_layer_2_attention_self_query_weight,Weight,"768x768",589824,8,589824,0.0638936,0.255575,448275,1.31576,23.9985,6.08012,1415.66,1410.69
bert_encoder_layer_2_attention_self_query_bias,Bias,"768",768,12,1152,0.00520833,0.0208333,1397,0.824624,-21.2674,14.5521,2.4583,2.5078
bert_encoder_layer_2_attention_self_key_weight,Weight,"768x768",589824,8,589824,0.0651822,0.260729,445283,1.3246,24.5058,6.03954,1500.93,1357.7
bert_encoder_layer_2_attention_self_key_bias,Bias,"768",768,12,1152,0.00260417,0.0104167,1371,0.840263,-19.0104,14.2812,2.3758,2.4343
bert_encoder_layer_2_attention_self_value_weight,Weight,"768x768",589824,8,589824,0.0867123,0.346849,393626,1.49844,33.2638,5.33889,1367.45,1293.96
bert_encoder_layer_2_attention_self_value_bias,Bias,"768",768,12,1152,40.7396,53.503,652,1.76687,43.4028,6.79167,1.7634,1.7932
bert_encoder_layer_2_attention_output_dense_weight,Weight,"768x768",589824,12,884736,0.00399272,0.0159709,1028136,0.860524,-16.2082,13.945,1866.99,1840.75
bert_encoder_layer_2_attention_output_dense_bias,Bias,"768",768,12,1152,28.2669,8.09205,787,1.46379,31.684,8.19792,2.3468,2.168
bert_encoder_layer_2_attention_output_LayerNorm_weight,Weight,"768",768,12,1152,257.418,0.0496155,682,1.68915,40.7986,7.10417,2.37,2.6434
bert_encoder_layer_2_attention_output_LayerNorm_bias,Bias,"768",768,12,1152,39.4258,10.9699,683,1.68668,40.7118,7.11458,2.352,1.9631
bert_encoder_layer_2_intermediate_dense_weight,Weight,"3072x768",2359296,12,3538944,0.00598738,0.0239495,3731213,0.94847,-5.43295,12.652,7504.59,7300.4
bert_encoder_layer_2_intermediate_dense_bias,Bias,"3072",3072,12,4608,211.461,14.2835,2591,1.77846,43.7717,6.7474,7.5421,7.7656
bert_encoder_layer_2_output_dense_weight,Weight,"768x3072",2359296,12,3538944,0.0336494,0.134598,2276183,1.55477,35.6819,7.71818,6807.37,6938.28
bert_encoder_layer_2_output_dense_bias,Bias,"768",768,12,1152,29.8997,7.47259,781,1.47503,32.2049,8.13542,2.2361,2.1926
bert_encoder_layer_2_output_LayerNorm_weight,Weight,"768",768,12,1152,92.082,0.00299636,760,1.51579,34.0278,7.91667,2.3603,2.2542
bert_encoder_layer_2_output_LayerNorm_bias,Bias,"768",768,12,1152,122.447,265.878,737,1.56309,36.0243,7.67708,2.4701,2.368
bert_encoder_layer_3_attention_self_query_weight,Weight,"768x768",589824,8,589824,0.0666707,0.266683,440049,1.34036,25.3932,5.96855,1453.55,1390.7
bert_encoder_layer_3_attention_self_query_bias,Bias,"768",768,12,1152,33.9909,51.0711,736,1.56522,36.1111,7.66667,2.1778,2.1261
bert_encoder_layer_3_attention_self_key_weight,Weight,"768x768",589824,8,589824,0.0669183,0.267673,439206,1.34293,25.5361,5.95711,1413.09,1387.7
bert_encoder_layer_3_attention_self_key_bias,Bias,"768",768,12,1152,30.5924,6.01179,790,1.45823,31.4236,8.22917,3.7376,3.1017
bert_encoder_layer_3_attention_self_value_weight,Weight,"768x768",589824,8,589824,0.0823415,0.329366,402022,1.46714,31.8403,5.45277,1382.18,1355.36
bert_encoder_layer_3_attention_self_value_bias,Bias,"768",768,12,1152,41.8763,24.4152,683,1.68668,40.7118,7.11458,2.0084,2.5671
bert_encoder_layer_3_attention_output_dense_weight,Weight,"768x768",589824,12,884736,0.00556946,0.0222778,960709,0.92092,-8.58708,13.0304,1886.37,1871.75
bert_encoder_layer_3_attention_output_dense_bias,Bias,"768",768,12,1152,0.00130208,0.00520833,1521,0.757396,-32.0312,15.8438,2.5714,2.3715
bert_encoder_layer_3_attention_output_LayerNorm_weight,Weight,"768",768,12,1152,0,0,582,1.97938,49.4792,6.0625,1.704,1.8103
bert_encoder_layer_3_attention_output_LayerNorm_bias,Bias,"768",768,12,1152,38.6979,16.5943,697,1.6528,39.4965,7.26042,2.2137,2.1112
bert_encoder_layer_3_intermediate_dense_weight,Weight,"3072x768",2359296,12,3538944,0.00623025,0.024921,3695068,0.957748,-4.4116,12.5294,7574.14,7447.27
bert_encoder_layer_3_intermediate_dense_bias,Bias,"3072",3072,12,4608,205.32,6.02868,2614,1.76282,43.2726,6.80729,7.5967,7.6283
bert_encoder_layer_3_output_dense_weight,Weight,"768x3072",2359296,12,3538944,0.0615777,0.246311,1899334,1.86326,46.3305,6.44034,6746.13,6560.2
bert_encoder_layer_3_output_dense_bias,Bias,"768",768,12,1152,32.2865,18.5974,720,1.6,37.5,7.5,2.0755,2.0235
bert_encoder_layer_3_output_LayerNorm_weight,Weight,"768",768,12,1152,94.4583,0.00314006,764,1.50785,33.6806,7.95833,2.2884,2.4284
bert_encoder_layer_3_output_LayerNorm_bias,Bias,"768",768,12,1152,147.611,17.9062,714,1.61345,38.0208,7.4375,2.5722,2.3889
bert_encoder_layer_4_attention_self_query_weight,Weight,"768x768",589824,8,589824,0.0673353,0.269341,439184,1.343,25.5398,5.95681,1472.95,1415.4
bert_encoder_layer_4_attention_self_query_bias,Bias,"768",768,12,1152,0.00520833,0.0208333,1432,0.804469,-24.3056,14.9167,2.4803,2.5502
bert_encoder_layer_4_attention_self_key_weight,Weight,"768x768",589824,8,589824,0.0677778,0.271111,438062,1.34644,25.73,5.9416,1596.26,1469.6
bert_encoder_layer_4_attention_self_key_bias,Bias,"768",768,12,1152,30.9401,2.72818,794,1.45088,31.0764,8.27083,2.3964,2.2009
bert_encoder_layer_4_attention_self_value_weight,Weight,"768x768",589824,8,589824,0.0772959,0.309184,413000,1.42815,29.9791,5.60167,1455.64,1420.72
bert_encoder_layer_4_attention_self_value_bias,Bias,"768",768,12,1152,0.00390625,0.015625,1378,0.835994,-19.6181,14.3542,2.8453,2.4746
bert_encoder_layer_4_attention_output_dense_weight,Weight,"768x768",589824,12,884736,0.00414022,0.0165609,1026165,0.862177,-15.9854,13.9183,2064.83,1994.57
bert_encoder_layer_4_attention_output_dense_bias,Bias,"768",768,12,1152,0.00651042,0.0260417,1263,0.912114,-9.63542,13.1562,2.6753,2.5249
bert_encoder_layer_4_attention_output_LayerNorm_weight,Weight,"768",768,12,1152,138.047,0.0682847,573,2.01047,50.2604,5.96875,2.0216,1.9125
bert_encoder_layer_4_attention_output_LayerNorm_bias,Bias,"768",768,12,1152,37.4661,12.4531,706,1.63173,38.7153,7.35417,2.2852,2.1012
bert_encoder_layer_4_intermediate_dense_weight,Weight,"3072x768",2359296,12,3538944,0.00812276,0.032491,3424118,1.03353,3.24464,11.6106,8007.83,7446.55
bert_encoder_layer_4_intermediate_dense_bias,Bias,"3072",3072,12,4608,185.811,4.38595,2722,1.69287,40.9288,7.08854,8.0112,8.3487
bert_encoder_layer_4_output_dense_weight,Weight,"768x3072",2359296,12,3538944,0.0623338,0.249335,1893007,1.86948,46.5093,6.41889,6825.56,6955.18
bert_encoder_layer_4_output_dense_bias,Bias,"768",768,12,1152,32.5378,9.3365,755,1.52583,34.4618,7.86458,2.2091,2.3724
bert_encoder_layer_4_output_LayerNorm_weight,Weight,"768",768,12,1152,86.9544,0.00290516,767,1.50196,33.4201,7.98958,2.626,2.4737
bert_encoder_layer_4_output_LayerNorm_bias,Bias,"768",768,12,1152,148.829,7.83165,718,1.60446,37.6736,7.47917,2.19,2.3641
bert_encoder_layer_5_attention_self_query_weight,Weight,"768x768",589824,8,589824,0.0659095,0.263638,442094,1.33416,25.0465,5.99628,1513.96,1442.3
bert_encoder_layer_5_attention_self_query_bias,Bias,"768",768,12,1152,0,0,1351,0.852702,-17.2743,14.0729,2.4556,2.3859
bert_encoder_layer_5_attention_self_key_weight,Weight,"768x768",589824,8,589824,0.0655416,0.262166,442045,1.33431,25.0548,5.99562,1460.91,1412.61
bert_encoder_layer_5_attention_self_key_bias,Bias,"768",768,12,1152,31.138,14.4805,815,1.4135,29.2535,8.48958,2.4174,2.516
bert_encoder_layer_5_attention_self_value_weight,Weight,"768x768",589824,8,589824,0.0770654,0.308261,413250,1.42728,29.9367,5.60506,1408.87,1341.4
bert_encoder_layer_5_attention_self_value_bias,Bias,"768",768,12,1152,0.00130208,0.00520833,1389,0.829374,-20.5729,14.4688,4.0843,2.6384
bert_encoder_layer_5_attention_output_dense_weight,Weight,"768x768",589824,12,884736,0.00397746,0.0159098,1032483,0.856901,-16.6996,14.0039,1976.79,1863.79
bert_encoder_layer_5_attention_output_dense_bias,Bias,"768",768,12,1152,0.0078125,0.03125,1346,0.855869,-16.8403,14.0208,2.5884,3.2954
bert_encoder_layer_5_attention_output_LayerNorm_weight,Weight,"768",768,12,1152,464.659,0.166412,551,2.09074,52.1701,5.73958,2.2078,2.9334
bert_encoder_layer_5_attention_output_LayerNorm_bias,Bias,"768",768,12,1152,41.2161,22.1964,695,1.65755,39.6701,7.23958,3.5928,3.3543
bert_encoder_layer_5_intermediate_dense_weight,Weight,"3072x768",2359296,12,3538944,0.00529438,0.0211775,3874886,0.913303,-9.49272,13.1391,7538.35,7418.34
bert_encoder_layer_5_intermediate_dense_bias,Bias,"3072",3072,12,4608,173.146,2.77163,2655,1.73559,42.3828,6.91406,9.2598,7.7163
bert_encoder_layer_5_output_dense_weight,Weight,"768x3072",2359296,12,3538944,0.0571459,0.228583,1941885,1.82243,45.1281,6.58463,6824.72,6687.12
bert_encoder_layer_5_output_dense_bias,Bias,"768",768,12,1152,0.0104167,0.0416667,1300,0.886154,-12.8472,13.5417,2.5295,2.3682
bert_encoder_layer_5_output_LayerNorm_weight,Weight,"768",768,12,1152,86.599,0.0028269,767,1.50196,33.4201,7.98958,2.3211,2.2468
bert_encoder_layer_5_output_LayerNorm_bias,Bias,"768",768,12,1152,157.284,15.7018,681,1.69163,40.8854,7.09375,1.9484,1.9269
bert_encoder_layer_6_attention_self_query_weight,Weight,"768x768",589824,8,589824,0.0658468,0.263387,442823,1.33196,24.9229,6.00617,1422.31,1401.71
bert_encoder_layer_6_attention_self_query_bias,Bias,"768",768,12,1152,28.0977,4.08853,778,1.48072,32.4653,8.10417,2.2416,2.2923
bert_encoder_layer_6_attention_self_key_weight,Weight,"768x768",589824,8,589824,0.0655145,0.262058,442927,1.33165,24.9052,6.00758,1396.53,1371.05
bert_encoder_layer_6_attention_self_key_bias,Bias,"768",768,12,1152,29.1133,4.76716,796,1.44724,30.9028,8.29167,2.2345,3.2904
bert_encoder_layer_6_attention_self_value_weight,Weight,"768x768",589824,8,589824,0.0780148,0.312059,411873,1.43205,30.1702,5.58639,1384.06,1344.17
bert_encoder_layer_6_attention_self_value_bias,Bias,"768",768,12,1152,0.00260417,0.0104167,1457,0.790666,-26.4757,15.1771,2.4475,2.3884
bert_encoder_layer_6_attention_output_dense_weight,Weight,"768x768",589824,12,884736,0.00278219,0.0111287,1107934,0.798546,-25.2276,15.0273,1893.32,1899.09
bert_encoder_layer_6_attention_output_dense_bias,Bias,"768",768,12,1152,0.0078125,0.03125,1405,0.819929,-21.9618,14.6354,2.5549,2.6146
bert_encoder_layer_6_attention_output_LayerNorm_weight,Weight,"768",768,12,1152,406.784,0.149265,559,2.06082,51.4757,5.82292,2.0228,1.8516
bert_encoder_layer_6_attention_output_LayerNorm_bias,Bias,"768",768,12,1152,44.0521,9.04259,659,1.7481,42.7951,6.86458,1.9157,1.8689
bert_encoder_layer_6_intermediate_dense_weight,Weight,"3072x768",2359296,12,3538944,0.00327979,0.0131192,4285167,0.825859,-21.086,14.5303,7557.66,7331.06
bert_encoder_layer_6_intermediate_dense_bias,Bias,"3072",3072,12,4608,183.272,20.7862,2572,1.7916,44.184,6.69792,7.205,7.3519
bert_encoder_layer_6_output_dense_weight,Weight,"768x3072",2359296,12,3538944,0.0472031,0.188812,2050859,1.72559,42.0488,6.95414,6889.24,6782.75
bert_encoder_layer_6_output_dense_bias,Bias,"768",768,12,1152,0.00260417,0.0104167,1403,0.821098,-21.7882,14.6146,2.3663,2.2906
bert_encoder_layer_6_output_LayerNorm_weight,Weight,"768",768,12,1152,83.6771,0.00246259,768,1.5,33.3333,8,2.875,2.2757
bert_encoder_layer_6_output_LayerNorm_bias,Bias,"768",768,12,1152,192.634,9.69652,620,1.85806,46.1806,6.45833,1.6711,1.7976
bert_encoder_layer_7_attention_self_query_weight,Weight,"768x768",589824,8,589824,0.0652551,0.26102,442872,1.33182,24.9146,6.00684,1422.65,1374.9
bert_encoder_layer_7_attention_self_query_bias,Bias,"768",768,12,1152,38.5846,57.9167,733,1.57162,36.3715,7.63542,2.2785,2.2121
bert_encoder_layer_7_attention_self_key_weight,Weight,"768x768",589824,8,589824,0.0653229,0.261292,443199,1.33083,24.8591,6.01127,1437.24,1359.42
bert_encoder_layer_7_attention_self_key_bias,Bias,"768",768,12,1152,30.5573,15.5471,817,1.41004,29.0799,8.51042,2.25,4.0262
bert_encoder_layer_7_attention_self_value_weight,Weight,"768x768",589824,8,589824,0.0795135,0.318054,407071,1.44895,30.9843,5.52125,1385.27,1410.82
bert_encoder_layer_7_attention_self_value_bias,Bias,"768",768,12,1152,32.1641,3.06989,748,1.54011,35.0694,7.79167,2.1365,2.0888
bert_encoder_layer_7_attention_output_dense_weight,Weight,"768x768",589824,12,884736,0.00322469,0.0128988,1081663,0.817941,-22.2583,14.671,1919.9,1866.39
bert_encoder_layer_7_attention_output_dense_bias,Bias,"768",768,12,1152,0.0221354,0.0885417,1058,1.08885,8.15972,11.0208,2.3159,2.4816
bert_encoder_layer_7_attention_output_LayerNorm_weight,Weight,"768",768,12,1152,315.594,0.130424,567,2.03175,50.7812,5.90625,1.8606,2.0455
bert_encoder_layer_7_attention_output_LayerNorm_bias,Bias,"768",768,12,1152,38.431,18.1465,665,1.73233,42.2743,6.92708,2.0767,2.1128
bert_encoder_layer_7_intermediate_dense_weight,Weight,"3072x768",2359296,12,3538944,0.00375832,0.0150333,4152373,0.85227,-17.3337,14.08,7601.05,7407.79
bert_encoder_layer_7_intermediate_dense_bias,Bias,"3072",3072,12,4608,180.358,8.72562,2654,1.73625,42.4045,6.91146,10.7595,11.5599
bert_encoder_layer_7_output_dense_weight,Weight,"768x3072",2359296,12,3538944,0.0363227,0.145291,2217585,1.59585,37.3377,7.51948,7110.36,6895.53
bert_encoder_layer_7_output_dense_bias,Bias,"768",768,12,1152,0.00651042,0.0260417,1355,0.850185,-17.6215,14.1146,2.4108,2.3495
bert_encoder_layer_7_output_LayerNorm_weight,Weight,"768",768,12,1152,85.3333,0.00426599,769,1.49805,33.2465,8.01042,2.4769,2.4013
bert_encoder_layer_7_output_LayerNorm_bias,Bias,"768",768,12,1152,42.8828,18.8101,667,1.72714,42.1007,6.94792,2.1088,1.8831
bert_encoder_layer_8_attention_self_query_weight,Weight,"768x768",589824,8,589824,0.0648583,0.259433,445090,1.32518,24.5385,6.03692,1446.66,1361.52
bert_encoder_layer_8_attention_self_query_bias,Bias,"768",768,12,1152,31.1029,5.4748,783,1.47126,32.0312,8.15625,2.1893,2.2345
bert_encoder_layer_8_attention_self_key_weight,Weight,"768x768",589824,8,589824,0.0648227,0.259291,445149,1.325,24.5285,6.03772,1406.13,1388.13
bert_encoder_layer_8_attention_self_key_bias,Bias,"768",768,12,1152,28.4987,2.7332,822,1.40146,28.6458,8.5625,2.4067,2.259
bert_encoder_layer_8_attention_self_value_weight,Weight,"768x768",589824,8,589824,0.0760227,0.304091,416012,1.41781,29.4685,5.64252,1432.39,1336.69
bert_encoder_layer_8_attention_self_value_bias,Bias,"768",768,12,1152,0.0104167,0.0416667,1205,0.956017,-4.60069,12.5521,2.3698,2.4129
bert_encoder_layer_8_attention_output_dense_weight,Weight,"768x768",589824,12,884736,0.0064426,0.0257704,917278,0.964523,-3.67816,12.4414,1933.01,1811.49
bert_encoder_layer_8_attention_output_dense_bias,Bias,"768",768,12,1152,0.0169271,0.0677083,1263,0.912114,-9.63542,13.1562,2.3577,2.3703
bert_encoder_layer_8_attention_output_LayerNorm_weight,Weight,"768",768,12,1152,328.854,0.122603,567,2.03175,50.7812,5.90625,1.9016,1.7864
bert_encoder_layer_8_attention_output_LayerNorm_bias,Bias,"768",768,12,1152,44.9753,50.8335,673,1.71174,41.5799,7.01042,1.9252,1.8775
bert_encoder_layer_8_intermediate_dense_weight,Weight,"3072x768",2359296,12,3538944,0.00422075,0.016883,4086519,0.866005,-15.4728,13.8567,7462.06,7387
bert_encoder_layer_8_intermediate_dense_bias,Bias,"3072",3072,12,4608,187.149,3.80058,2708,1.70162,41.2326,7.05208,7.9333,8.9929
bert_encoder_layer_8_output_dense_weight,Weight,"768x3072",2359296,12,3538944,0.0319027,0.127611,2311499,1.53102,34.6839,7.83793,7024.92,6901.77
bert_encoder_layer_8_output_dense_bias,Bias,"768",768,12,1152,0.00651042,0.0260417,1314,0.876712,-14.0625,13.6875,2.3685,2.4752
bert_encoder_layer_8_output_LayerNorm_weight,Weight,"768",768,12,1152,90.8997,0.00855329,765,1.50588,33.5938,7.96875,2.3517,2.3808
bert_encoder_layer_8_output_LayerNorm_bias,Bias,"768",768,12,1152,189.108,130.35,634,1.81703,44.9653,6.60417,1.8292,1.6979
bert_encoder_layer_9_attention_self_query_weight,Weight,"768x768",589824,8,589824,0.0629069,0.251628,450276,1.30992,23.6593,6.10726,1426.73,1354.17
bert_encoder_layer_9_attention_self_query_bias,Bias,"768",768,12,1152,27.9323,11.3328,806,1.42928,30.0347,8.39583,2.216,2.2387
bert_encoder_layer_9_attention_self_key_weight,Weight,"768x768",589824,8,589824,0.0617913,0.247165,449777,1.31137,23.7439,6.10049,1401.55,1393.51
bert_encoder_layer_9_attention_self_key_bias,Bias,"768",768,12,1152,0.00130208,0.00520833,1496,0.770053,-29.8611,15.5833,2.4653,2.4128
bert_encoder_layer_9_attention_self_value_weight,Weight,"768x768",589824,8,589824,0.076945,0.30778,412205,1.4309,30.1139,5.59089,1404.9,1346.96
bert_encoder_layer_9_attention_self_value_bias,Bias,"768",768,12,1152,36.8464,7.6786,728,1.58242,36.8056,7.58333,2.1415,2.2654
bert_encoder_layer_9_attention_output_dense_weight,Weight,"768x768",589824,12,884736,0.00439962,0.0175985,1006536,0.878991,-13.7668,13.652,1851.53,1828.48
bert_encoder_layer_9_attention_output_dense_bias,Bias,"768",768,12,1152,0.00651042,0.0260417,1333,0.864216,-15.7118,13.8854,2.3728,2.4038
bert_encoder_layer_9_attention_output_LayerNorm_weight,Weight,"768",768,12,1152,0.0104167,0.0416667,581,1.98279,49.566,6.05208,1.9767,1.8916
bert_encoder_layer_9_attention_output_LayerNorm_bias,Bias,"768",768,12,1152,41.168,4.96779,687,1.67686,40.3646,7.15625,1.9595,2.3105
bert_encoder_layer_9_intermediate_dense_weight,Weight,"3072x768",2359296,12,3538944,0.00795873,0.0318349,3434318,1.03046,2.95642,11.6452,7536.7,7191.92
bert_encoder_layer_9_intermediate_dense_bias,Bias,"3072",3072,12,4608,220.931,2.91707,2579,1.78674,44.0321,6.71615,7.3616,7.1963
bert_encoder_layer_9_output_dense_weight,Weight,"768x3072",2359296,12,3538944,0.0302679,0.121072,2350084,1.50588,33.5936,7.96876,7040.13,6935.5
bert_encoder_layer_9_output_dense_bias,Bias,"768",768,12,1152,0.00130208,0.00520833,1384,0.83237,-20.1389,14.4167,2.6489,2.4332
bert_encoder_layer_9_output_LayerNorm_weight,Weight,"768",768,12,1152,87.332,0.00798521,767,1.50196,33.4201,7.98958,2.6286,2.2285
bert_encoder_layer_9_output_LayerNorm_bias,Bias,"768",768,12,1152,167.461,75.289,660,1.74545,42.7083,6.875,1.926,1.8431
bert_encoder_layer_10_attention_self_query_weight,Weight,"768x768",589824,8,589824,0.0626882,0.250753,450217,1.31009,23.6693,6.10646,1428.5,1391.7
bert_encoder_layer_10_attention_self_query_bias,Bias,"768",768,12,1152,34.0417,7.05134,737,1.56309,36.0243,7.67708,2.0302,2.0986
bert_encoder_layer_10_attention_self_key_weight,Weight,"768x768",589824,8,589824,0.0626526,0.25061,449859,1.31113,23.73,6.1016,1420.41,1417.95
bert_encoder_layer_10_attention_self_key_bias,Bias,"768",768,12,1152,0.00130208,0.00520833,1528,0.753927,-32.6389,15.9167,2.4281,2.5207
bert_encoder_layer_10_attention_self_value_weight,Weight,"768x768",589824,8,589824,0.0764262,0.305705,415306,1.42022,29.5881,5.63295,1400.2,1338.5
bert_encoder_layer_10_attention_self_value_bias,Bias,"768",768,12,1152,0.00390625,0.015625,1223,0.941946,-6.16319,12.7396,2.4035,2.2507
bert_encoder_layer_10_attention_output_dense_weight,Weight,"768x768",589824,12,884736,0.00347731,0.0139092,1063878,0.831614,-20.2481,14.4298,1895.97,1821.29
bert_encoder_layer_10_attention_output_dense_bias,Bias,"768",768,12,1152,0,0,1602,0.719101,-39.0625,16.6875,2.4422,2.5296
bert_encoder_layer_10_attention_output_LayerNorm_weight,Weight,"768",768,12,1152,0.00520833,0.0208333,582,1.97938,49.4792,6.0625,1.8997,1.868
bert_encoder_layer_10_attention_output_LayerNorm_bias,Bias,"768",768,12,1152,10.0391,5.06135,672,1.71429,41.6667,7,2.1979,1.9839
bert_encoder_layer_10_intermediate_dense_weight,Weight,"3072x768",2359296,12,3538944,0.0161298,0.0645192,3041434,1.16358,14.0581,10.313,7350.76,7161.51
bert_encoder_layer_10_intermediate_dense_bias,Bias,"3072",3072,12,4608,180.103,0.369875,2711,1.69974,41.1675,7.0599,7.8892,7.6996
bert_encoder_layer_10_output_dense_weight,Weight,"768x3072",2359296,12,3538944,0.0590464,0.236186,1912953,1.84999,45.9457,6.48652,6613.09,6542.17
bert_encoder_layer_10_output_dense_bias,Bias,"768",768,12,1152,0.00130208,0.00520833,1317,0.874715,-14.3229,13.7188,2.3414,2.5313
bert_encoder_layer_10_output_LayerNorm_weight,Weight,"768",768,12,1152,93.8411,0.0108597,764,1.50785,33.6806,7.95833,2.3879,2.3714
bert_encoder_layer_10_output_LayerNorm_bias,Bias,"768",768,12,1152,11.625,8.21401,644,1.78882,44.0972,6.70833,2.002,2.596
bert_encoder_layer_11_attention_self_query_weight,Weight,"768x768",589824,8,589824,0.0633731,0.253493,448557,1.31494,23.9507,6.08394,1430.95,1351.35
bert_encoder_layer_11_attention_self_query_bias,Bias,"768",768,12,1152,27.9518,7.48386,820,1.40488,28.8194,8.54167,3.4824,3.3466
bert_encoder_layer_11_attention_self_key_weight,Weight,"768x768",589824,8,589824,0.0637021,0.254808,447485,1.31809,24.1325,6.0694,1447.36,1369.84
bert_encoder_layer_11_attention_self_key_bias,Bias,"768",768,12,1152,28.0677,4.65205,757,1.5218,34.2882,7.88542,2.1838,2.3104
bert_encoder_layer_11_attention_self_value_weight,Weight,"768x768",589824,8,589824,0.0703837,0.281535,428829,1.37543,27.2954,5.81637,1397.58,1375.64
bert_encoder_layer_11_attention_self_value_bias,Bias,"768",768,12,1152,0.00260417,0.0104167,1412,0.815864,-22.5694,14.7083,2.5561,2.5261
bert_encoder_layer_11_attention_output_dense_weight,Weight,"768x768",589824,12,884736,0.00337897,0.0135159,1068702,0.82786,-20.7933,14.4952,1883.79,1835.39
bert_encoder_layer_11_attention_output_dense_bias,Bias,"768",768,12,1152,0.0078125,0.03125,1533,0.751468,-33.0729,15.9688,2.3936,2.4378
bert_encoder_layer_11_attention_output_LayerNorm_weight,Weight,"768",768,12,1152,0.0690104,0.0740151,492,2.34146,57.2917,5.125,1.2691,1.765
bert_encoder_layer_11_attention_output_LayerNorm_bias,Bias,"768",768,12,1152,11.7956,6.41426,633,1.81991,45.0521,6.59375,1.925,1.8623
bert_encoder_layer_11_intermediate_dense_weight,Weight,"3072x768",2359296,12,3538944,0.00419744,0.0167898,4071551,0.869188,-15.0499,13.806,7606.57,7399.26
bert_encoder_layer_11_intermediate_dense_bias,Bias,"3072",3072,12,4608,195.755,4.89004,2535,1.81775,44.987,6.60156,7.1258,6.7258
bert_encoder_layer_11_output_dense_weight,Weight,"768x3072",2359296,12,3538944,0.0223431,0.0893724,2624158,1.3486,25.8491,8.89811,7225.62,7191.92
bert_encoder_layer_11_output_dense_bias,Bias,"768",768,12,1152,0.00390625,0.015625,1331,0.865515,-15.5382,13.8646,2.6725,2.3934
bert_encoder_layer_11_output_LayerNorm_weight,Weight,"768",768,12,1152,88.862,0.00376834,766,1.50392,33.5069,7.97917,2.3249,2.299
bert_encoder_layer_11_output_LayerNorm_bias,Bias,"768",768,12,1152,141.546,8.23987,727,1.58459,36.8924,7.57292,2.782,2.9475
bert_pooler_dense_weight,Weight,"768x768",589824,12,884736,0.00810411,0.0324164,904942,0.977671,-2.28385,12.2741,1873.61,1870.61
bert_pooler_dense_bias,Bias,"768",768,12,1152,34.306,7.84773,844,1.36493,26.7361,8.79167,2.2921,2.1063
classifier_weight,Weight,"2x768",1536,8,1536,0.0963542,0.385417,997,1.54062,35.0911,5.19271,3.753,3.2829
classifier_bias,Bias,"2",2,12,3,0,0,6,0.5,-100,24,0.0071,0.0076
