tensor_type,predictor,residual_level,count,probability,cumulative_probability
weight,NONE,0,1580147,0.0934940855995996,0.0934940855995996
weight,NONE,1,1533793,0.09075141365586029,0.18424549925545988
weight,NONE,2,1458077,0.08627145186416668,0.2705169511196266
weight,NONE,3,1360925,0.0805231655312038,0.35104011665083035
weight,NONE,4,1264508,0.07481836765400846,0.4258584843048388
weight,NONE,5,1146722,0.06784920948933489,0.4937076937941737
weight,NONE,6,1030288,0.06096004641608677,0.5546677402102604
weight,NONE,7,915894,0.054191585995581215,0.6088593262058417
weight,NONE,8,811431,0.048010722655657166,0.6568700488614988
weight,NONE,9,712688,0.042168300087148496,0.6990383489486474
weight,NONE,10,622270,0.0368184508441701,0.7358567997928175
weight,NONE,11,543209,0.03214057220275892,0.7679973719955764
weight,NONE,12,471330,0.027887637900561958,0.7958850098961383
weight,NONE,13,409097,0.024205437808342768,0.8200904477044811
weight,NONE,14,356177,0.02107426899308013,0.8411647166975612
weight,NONE,15,309941,0.018338578869450436,0.8595032955670117
weight,NONE,16,270449,0.01600191751547553,0.8755052130824872
weight,NONE,17,235252,0.013919382579897317,0.8894245956623845
weight,NONE,18,206049,0.01219150043870089,0.9016160961010854
weight,NONE,19,180203,0.010662245162826399,0.9122783412639118
weight,NONE,20,158613,0.009384808754634405,0.9216631500185462
weight,NONE,21,139436,0.008250144650887399,0.9299132946694336
weight,NONE,22,123369,0.007299492924605751,0.9372127875940394
weight,NONE,23,108775,0.006435995613760268,0.9436487832077997
weight,NONE,24,96161,0.0056896508776354965,0.9493384340854352
weight,NONE,25,85361,0.005050636833704346,0.9543890709191395
weight,NONE,26,75692,0.004478541760484875,0.9588676126796243
weight,NONE,27,67597,0.0039995770673716645,0.962867189746996
weight,NONE,28,59925,0.003545640424312425,0.9664128301713084
weight,NONE,29,52895,0.003129689616086871,0.9695425197873953
weight,NONE,30,47898,0.0028340272848346526,0.97237654707223
weight,NONE,31,42889,0.002537654937978066,0.9749142020102081
weight,NONE,32,38755,0.002293054562273309,0.9772072565724813
weight,NONE,33,34544,0.002043898253107191,0.9792511548255886
weight,NONE,34,30999,0.0018341478099834939,0.981085302635572
weight,NONE,35,27761,0.00164256193273821,0.9827278645683102
weight,NONE,36,25228,0.001492689472249543,0.9842205540405597
weight,NONE,37,22585,0.0013363085353875032,0.9855568625759472
weight,NONE,38,20478,0.001211641628853898,0.9867685042048011
weight,NONE,39,18836,0.001114487826989551,0.9878829920317908
weight,NONE,40,16762,0.0009917734633679578,0.9888747654951586
weight,NONE,41,15185,0.0008984655793606037,0.9897732310745193
weight,NONE,42,13802,0.0008166362809571981,0.9905898673554765
weight,NONE,43,12652,0.0007485931188719367,0.9913384604743484
weight,NONE,44,11624,0.0006877684487644161,0.9920262289231129
weight,NONE,45,10689,0.000632446399590747,0.9926586753227036
weight,NONE,46,9566,0.0005660007726153135,0.9932246760953188
weight,NONE,47,8946,0.000529316633056303,0.9937539927283752
weight,NONE,48,8116,0.00048020722042085346,0.994234199948796
weight,NONE,49,7603,0.0004498540533341238,0.9946840540021301
weight,NONE,50,6781,0.0004012179844349196,0.995085271986565
weight,NONE,51,6466,0.00038258007482026103,0.9954678520613853
weight,NONE,52,5859,0.00034666511883264914,0.995814517180218
weight,NONE,53,5303,0.00031376772916360103,0.9961282849093815
weight,NONE,54,5042,0.00029832488976859825,0.9964266097991502
weight,NONE,55,4642,0.00027465770295633337,0.9967012675021065
weight,NONE,56,4262,0.0002521738754846818,0.9969534413775912
weight,NONE,57,3870,0.00022898003240866225,0.9971824214099999
weight,NONE,58,3680,0.00021773811867283646,0.9974001595286727
weight,NONE,59,3398,0.00020105275197018977,0.9976012122806429
weight,NONE,60,3024,0.00017892393230072213,0.9977801362129436
weight,NONE,61,2715,0.00016064103048824756,0.9979407772434319
weight,NONE,62,2559,0.00015141082763146427,0.9980921880710634
weight,NONE,63,2337,0.00013827553895065728,0.998230463610014
weight,NONE,64,2168,0.0001282761525224754,0.9983587397625364
weight,NONE,65,2010,0.00011892761373163079,0.9984776673762681
weight,NONE,66,1860,0.00011005241867703148,0.9985877197949451
weight,NONE,67,1751,0.00010360311027068931,0.9986913229052158
weight,NONE,68,1581,9.354455587547675e-05,0.9987848674610913
weight,NONE,69,1515,8.963947005145306e-05,0.9988745069311428
weight,NONE,70,1374,8.12967867001297e-05,0.9989558037178429
weight,NONE,71,1345,7.958091565624051e-05,0.9990353846334992
weight,NONE,72,1188,7.029154483242655e-05,0.9991056761783316
weight,NONE,73,1151,6.810233005229206e-05,0.9991737785083838
weight,NONE,74,988,5.845795142629414e-05,0.9992322364598101
weight,NONE,75,970,5.739292801974222e-05,0.9992896293878298
weight,NONE,76,866,5.123945944855336e-05,0.9993408688472785
weight,NONE,77,748,4.425763933893524e-05,0.9993851264866174
weight,NONE,78,742,4.390263153675127e-05,0.9994290291181541
weight,NONE,79,636,3.763082703150109e-05,0.9994666599451856
weight,NONE,80,649,3.8400010602899694e-05,0.9995050599557885
weight,NONE,81,586,3.4672428679967984e-05,0.9995397323844685
weight,NONE,82,512,3.0293999119698985e-05,0.9995700263835882
weight,NONE,83,527,3.1181518625158917e-05,0.9996012079022133
weight,NONE,84,445,2.6329745328644626e-05,0.999627537647542
weight,NONE,85,453,2.6803089064889924e-05,0.9996543407366069
weight,NONE,86,399,2.3608018845234172e-05,0.9996779487554521
weight,NONE,87,355,2.100462829588504e-05,0.999698953383748
weight,NONE,88,337,1.993960488933312e-05,0.9997188929886374
weight,NONE,89,308,1.822373384544392e-05,0.9997371167224828
weight,NONE,90,312,1.846040571356657e-05,0.9997555771281963
weight,NONE,91,295,1.7454550274045313e-05,0.9997730316784704
weight,NONE,92,234,1.3845304285174928e-05,0.9997868769827556
weight,NONE,93,249,1.4732823790634858e-05,0.9998016098065462
weight,NONE,94,207,1.2247769175347052e-05,0.9998138575757215
weight,NONE,95,220,1.3016952746745659e-05,0.9998268745284683
weight,NONE,96,177,1.0472730164427189e-05,0.9998373472586327
weight,NONE,97,157,9.289370823813947e-06,0.9998466366294565
weight,NONE,98,157,9.289370823813947e-06,0.9998559260002804
weight,NONE,99,135,7.987675549139381e-06,0.9998639136758295
weight,NONE,100,173,1.0236058296304541e-05,0.9998741497341258
weight,NONE,101,137,8.106011483200706e-06,0.999882255745609
weight,NONE,102,138,8.165179450231368e-06,0.9998904209250592
weight,NONE,103,125,7.39599587883276e-06,0.999897816920938
weight,NONE,104,106,6.271804505250181e-06,0.9999040887254433
weight,NONE,105,87,5.147613131667601e-06,0.999909236338575
weight,NONE,106,104,6.153468571188856e-06,0.9999153898071461
weight,NONE,107,87,5.147613131667601e-06,0.9999205374202779
weight,NONE,108,67,3.964253791054359e-06,0.9999245016740689
weight,NONE,109,74,4.378429560268994e-06,0.9999288801036291
weight,NONE,110,49,2.899230384502442e-06,0.9999317793340137
weight,NONE,111,72,4.26009362620767e-06,0.9999360394276399
weight,NONE,112,48,2.84006241747178e-06,0.9999388794900573
weight,NONE,113,65,3.8459178569930355e-06,0.9999427254079143
weight,NONE,114,61,3.609245988870387e-06,0.9999463346539031
weight,NONE,115,50,2.9583983515331043e-06,0.9999492930522548
weight,NONE,116,45,2.662558516379794e-06,0.9999519556107711
weight,NONE,117,55,3.2542381866864147e-06,0.9999552098489578
weight,NONE,118,38,2.2483827471651593e-06,0.9999574582317049
weight,NONE,119,33,1.952542912011849e-06,0.9999594107746169
weight,NONE,120,42,2.4850546152878073e-06,0.9999618958292322
weight,NONE,121,31,1.8342069779505247e-06,0.9999637300362102
weight,NONE,122,27,1.5975351098278762e-06,0.9999653275713201
weight,NONE,123,37,2.189214780134497e-06,0.9999675167861002
weight,NONE,124,24,1.42003120873589e-06,0.9999689368173089
weight,NONE,125,22,1.3016952746745658e-06,0.9999702385125836
weight,NONE,126,503,2.9761487416423027e-05,1.0
weight,MEAN,0,108333,0.06564633765024978,0.06564633765024978
weight,MEAN,1,108421,0.06569966283937241,0.1313460004896222
weight,MEAN,2,105537,0.06395205095948982,0.19529805144911203
weight,MEAN,3,99196,0.060109607502369336,0.2554076589514814
weight,MEAN,4,101172,0.06130700038539569,0.31671465933687704
weight,MEAN,5,93563,0.05669618943046274,0.37341084876733976
weight,MEAN,6,87670,0.053125219663421104,0.42653606843076086
weight,MEAN,7,82221,0.049823299714225465,0.47635936814498636
weight,MEAN,8,77664,0.047061903272954675,0.523421271417941
weight,MEAN,9,70460,0.042696509381597476,0.5661177807995385
weight,MEAN,10,65538,0.03971393459907941,0.6058317153986179
weight,MEAN,11,60135,0.03643988918056151,0.6422716045791794
weight,MEAN,12,56096,0.03399238419344439,0.6762639887726238
weight,MEAN,13,49903,0.03023962400893924,0.706503612781563
weight,MEAN,14,46175,0.027980575087925966,0.734484187869489
weight,MEAN,15,41772,0.02531249772761978,0.7597966855971088
weight,MEAN,16,38357,0.023243116808826774,0.7830398024059356
weight,MEAN,17,34265,0.020763495514624433,0.80380329792056
weight,MEAN,18,30991,0.018779556092039275,0.8225828540125993
weight,MEAN,19,28272,0.01713192894176162,0.8397147829543609
weight,MEAN,20,25713,0.015581256680797842,0.8552960396351588
weight,MEAN,21,23049,0.013966957773721832,0.8692629974088806
weight,MEAN,22,20982,0.012714421797398215,0.8819774192062788
weight,MEAN,23,18893,0.011448554523793942,0.8934259737300727
weight,MEAN,24,17215,0.010431740122114683,0.9038577138521874
weight,MEAN,25,15174,0.009194959315304571,0.913052673167492
weight,MEAN,26,14001,0.008484158783022229,0.9215368319505143
weight,MEAN,27,12539,0.007598233481916701,0.929135065432431
weight,MEAN,28,11492,0.006963784924969035,0.9360988503573999
weight,MEAN,29,10249,0.0062105666286118725,0.9423094169860118
weight,MEAN,30,9030,0.0054718915656517915,0.9477813085516636
weight,MEAN,31,8139,0.004931974025785153,0.9527132825774488
weight,MEAN,32,7631,0.004624142252213601,0.9573374248296623
weight,MEAN,33,6695,0.004056956149727436,0.9613943809793898
weight,MEAN,34,6103,0.0036982230592661,0.9650926040386559
weight,MEAN,35,5483,0.0033225228631748364,0.9684151269018307
weight,MEAN,36,4997,0.0030280223868839424,0.9714431492887147
weight,MEAN,37,4438,0.0026892862423435935,0.9741324355310583
weight,MEAN,38,4040,0.0024481109551753306,0.9765805464862336
weight,MEAN,39,3652,0.002212995348589185,0.9787935418348228
weight,MEAN,40,3336,0.0020215094421942833,0.9808150512770171
weight,MEAN,41,2968,0.0017985131967723717,0.9826135644737894
weight,MEAN,42,2695,0.0016330839168805734,0.98424664839067
weight,MEAN,43,2433,0.001474320285629104,0.9857209686762991
weight,MEAN,44,2194,0.0013294939197165039,0.9870504625960156
weight,MEAN,45,1961,0.0011883033621531741,0.9882387659581688
weight,MEAN,46,1764,0.0010689276546854663,0.9893076936128543
weight,MEAN,47,1592,0.0009647011486730512,0.9902723947615273
weight,MEAN,48,1468,0.0008895611094547984,0.9911619558709821
weight,MEAN,49,1278,0.0007744271783945725,0.9919363830493767
weight,MEAN,50,1161,0.0007035289155838017,0.9926399119649605
weight,MEAN,51,1082,0.0006556574389850762,0.9932955694039456
weight,MEAN,52,969,0.0005871830484071523,0.9938827524523527
weight,MEAN,53,834,0.0005053773605485708,0.9943881298129013
weight,MEAN,54,839,0.0005084072008396293,0.9948965370137409
weight,MEAN,55,712,0.0004314492574467415,0.9953279862711877
weight,MEAN,56,633,0.00038357778084801593,0.9957115640520356
weight,MEAN,57,518,0.00031389145415366867,0.9960254555061894
weight,MEAN,58,542,0.00032843468755074985,0.9963538901937401
weight,MEAN,59,467,0.00028298708318487116,0.996636877276925
weight,MEAN,60,421,0.00025511255250713227,0.9968919898294321
weight,MEAN,61,398,0.0002411752871682628,0.9971331651166003
weight,MEAN,62,383,0.00023208576629508705,0.9973652508828955
weight,MEAN,63,333,0.00020178736338450127,0.99756703824628
weight,MEAN,64,302,0.0001830023535799381,0.9977500405998599
weight,MEAN,65,252,0.0001527039506693523,0.9979027445505293
weight,MEAN,66,237,0.0001436144297961766,0.9980463589803255
weight,MEAN,67,246,0.00014906814232008202,0.9981954271226455
weight,MEAN,68,210,0.00012725329222446026,0.9983226804148699
weight,MEAN,69,236,0.00014300846173796486,0.9984656888766079
weight,MEAN,70,212,0.0001284652283408837,0.9985941541049488
weight,MEAN,71,178,0.00010786231436168537,0.9987020164193106
weight,MEAN,72,166,0.00010059069766314478,0.9988026071169737
weight,MEAN,73,135,8.18056878585816e-05,0.9988844128048322
weight,MEAN,74,110,6.66564864032887e-05,0.9989510692912356
weight,MEAN,75,118,7.150423086898243e-05,0.9990225735221046
weight,MEAN,76,93,5.635502941368955e-05,0.9990789285515181
weight,MEAN,77,92,5.574906135547783e-05,0.9991346776128737
weight,MEAN,78,100,6.059680582117156e-05,0.9991952744186948
weight,MEAN,79,85,5.150728494799582e-05,0.9992467817036428
weight,MEAN,80,71,4.30237321330318e-05,0.9992898054357758
weight,MEAN,81,79,4.787147659872553e-05,0.9993376769123746
weight,MEAN,82,77,4.66595404823021e-05,0.9993843364528568
weight,MEAN,83,68,4.1205827958396656e-05,0.9994255422808153
weight,MEAN,84,83,5.029534883157239e-05,0.9994758376296469
weight,MEAN,85,60,3.635808349270293e-05,0.9995121957131395
weight,MEAN,86,42,2.5450658444892053e-05,0.9995376463715845
weight,MEAN,87,48,2.9086466794162347e-05,0.9995667328383786
weight,MEAN,88,46,2.7874530677738916e-05,0.9995946073690564
weight,MEAN,89,58,3.51461473762795e-05,0.9996297535164327
weight,MEAN,90,38,2.302678621204519e-05,0.9996527803026447
weight,MEAN,91,38,2.302678621204519e-05,0.9996758070888567
weight,MEAN,92,33,1.9996945920986613e-05,0.9996958040347778
weight,MEAN,93,27,1.636113757171632e-05,0.9997121651723494
weight,MEAN,94,26,1.5755169513504603e-05,0.999727920341863
weight,MEAN,95,32,1.9390977862774897e-05,0.9997473113197257
weight,MEAN,96,36,2.181485009562176e-05,0.9997691261698214
weight,MEAN,97,25,1.514920145529289e-05,0.9997842753712767
weight,MEAN,98,15,9.089520873175733e-06,0.9997933648921498
weight,MEAN,99,18,1.090742504781088e-05,0.9998042723171976
weight,MEAN,100,21,1.2725329222446027e-05,0.9998169976464201
weight,MEAN,101,21,1.2725329222446027e-05,0.9998297229756425
weight,MEAN,102,19,1.1513393106022595e-05,0.9998412363687486
weight,MEAN,103,18,1.090742504781088e-05,0.9998521437937964
weight,MEAN,104,8,4.847744465693724e-06,0.999856991538262
weight,MEAN,105,13,7.877584756752302e-06,0.9998648691230188
weight,MEAN,106,11,6.665648640328871e-06,0.9998715347716591
weight,MEAN,107,9,5.45371252390544e-06,0.999876988484183
weight,MEAN,108,11,6.665648640328871e-06,0.9998836541328233
weight,MEAN,109,13,7.877584756752302e-06,0.99989153171758
weight,MEAN,110,12,7.271616698540587e-06,0.9998988033342786
weight,MEAN,111,6,3.6358083492702934e-06,0.9999024391426279
weight,MEAN,112,9,5.45371252390544e-06,0.9999078928551518
weight,MEAN,113,6,3.6358083492702934e-06,0.9999115286635011
weight,MEAN,114,8,4.847744465693724e-06,0.9999163764079668
weight,MEAN,115,6,3.6358083492702934e-06,0.9999200122163161
weight,MEAN,116,4,2.423872232846862e-06,0.9999224360885489
weight,MEAN,117,10,6.0596805821171555e-06,0.999928495769131
weight,MEAN,118,6,3.6358083492702934e-06,0.9999321315774803
weight,MEAN,119,6,3.6358083492702934e-06,0.9999357673858296
weight,MEAN,120,7,4.241776407482009e-06,0.999940009162237
weight,MEAN,121,4,2.423872232846862e-06,0.9999424330344698
weight,MEAN,122,8,4.847744465693724e-06,0.9999472807789356
weight,MEAN,123,3,1.8179041746351467e-06,0.9999490986831102
weight,MEAN,124,9,5.45371252390544e-06,0.9999545523956341
weight,MEAN,125,19,1.1513393106022595e-05,0.9999660657887401
weight,MEAN,126,2,1.211936116423431e-06,0.9999672777248566
weight,MEAN,127,27,1.636113757171632e-05,0.9999836388624282
weight,MEAN,128,22,1.3331297280657742e-05,0.9999969701597089
weight,MEAN,129,5,3.0298402910585778e-06,1.0
weight,NEIGHBOR,0,406017,0.07532749390355219,0.07532749390355219
weight,NEIGHBOR,1,394038,0.07310505481979301,0.14843254872334521
weight,NEIGHBOR,2,375839,0.06972863200609125,0.21816118072943647
weight,NEIGHBOR,3,353434,0.06557187871519682,0.2837330594446333
weight,NEIGHBOR,4,333984,0.061963360459990534,0.3456964199046238
weight,NEIGHBOR,5,309670,0.05745243434908639,0.40314885425371016
weight,NEIGHBOR,6,285045,0.05288380905168511,0.4560326633053953
weight,NEIGHBOR,7,259197,0.048088283094843365,0.5041209464002386
weight,NEIGHBOR,8,235021,0.04360295983839775,0.5477239062386364
weight,NEIGHBOR,9,212317,0.03939073369617649,0.5871146399348129
weight,NEIGHBOR,10,192853,0.035779618049938185,0.6228942579847511
weight,NEIGHBOR,11,175091,0.03248427094202178,0.6553785289267728
weight,NEIGHBOR,12,158373,0.029382614993922106,0.684761143920695
weight,NEIGHBOR,13,143234,0.026573907648648688,0.7113350515693436
weight,NEIGHBOR,14,129382,0.024003974750390723,0.7353390263197344
weight,NEIGHBOR,15,118241,0.021937008072691326,0.7572760343924257
weight,NEIGHBOR,16,107874,0.02001364001347675,0.7772896744059025
weight,NEIGHBOR,17,98219,0.018222367841033732,0.7955120422469362
weight,NEIGHBOR,18,89823,0.016664675333542114,0.8121767175804783
weight,NEIGHBOR,19,81766,0.015169876794611676,0.82734659437509
weight,NEIGHBOR,20,75394,0.013987692819178542,0.8413342871942685
weight,NEIGHBOR,21,68511,0.012710704071076492,0.854044991265345
weight,NEIGHBOR,22,62665,0.011626107787275158,0.8656710990526202
weight,NEIGHBOR,23,57809,0.010725184155024171,0.8763962832076444
weight,NEIGHBOR,24,52756,0.009787711520393972,0.8861839947280383
weight,NEIGHBOR,25,48927,0.00907732507313511,0.8952613198011734
weight,NEIGHBOR,26,45126,0.008372133407940298,0.9036334532091137
weight,NEIGHBOR,27,41539,0.007706644719949299,0.911340097929063
weight,NEIGHBOR,28,38297,0.007105163168104632,0.9184452610971676
weight,NEIGHBOR,29,35138,0.006519080434521257,0.9249643415316889
weight,NEIGHBOR,30,32143,0.005963424281598746,0.9309277658132876
weight,NEIGHBOR,31,29530,0.005478639798264349,0.936406405611552
weight,NEIGHBOR,32,27127,0.005032816180410328,0.9414392217919624
weight,NEIGHBOR,33,25381,0.004708884413130628,0.9461481062050929
weight,NEIGHBOR,34,23056,0.004277531973883604,0.9504256381789765
weight,NEIGHBOR,35,21479,0.003984954426919064,0.9544105926058957
weight,NEIGHBOR,36,19663,0.003648035704479238,0.9580586283103749
weight,NEIGHBOR,37,18398,0.0034133428719426854,0.9614719711823175
weight,NEIGHBOR,38,16627,0.0030847729063915113,0.9645567440887091
weight,NEIGHBOR,39,15413,0.0028595419983287644,0.9674162860870378
weight,NEIGHBOR,40,13987,0.0025949791689239233,0.9700112652559617
weight,NEIGHBOR,41,12944,0.002401473537038054,0.9724127387929998
weight,NEIGHBOR,42,11942,0.002215574550317401,0.9746283133433172
weight,NEIGHBOR,43,10953,0.0020320874266979145,0.9766604007700151
weight,NEIGHBOR,44,9886,0.0018341291244714309,0.9784945298944866
weight,NEIGHBOR,45,9214,0.0017094543549342265,0.9802039842494208
weight,NEIGHBOR,46,8304,0.0015406239378525958,0.9817446081872734
weight,NEIGHBOR,47,7806,0.0014482310282848462,0.9831928392155582
weight,NEIGHBOR,48,7213,0.0013382129652854979,0.9845310521808437
weight,NEIGHBOR,49,6646,0.0012330186284884817,0.9857640708093321
weight,NEIGHBOR,50,5969,0.0011074162192969827,0.9868714870286291
weight,NEIGHBOR,51,5558,0.0010311642397139605,0.9879026512683432
weight,NEIGHBOR,52,5211,0.00096678604770591,0.988869437316049
weight,NEIGHBOR,53,4624,0.0008578811522917152,0.9897273184683407
weight,NEIGHBOR,54,4538,0.0008419257502378468,0.9905692442185786
weight,NEIGHBOR,55,4022,0.0007461933379146364,0.9913154375564932
weight,NEIGHBOR,56,3595,0.0006669729114378712,0.9919824104679311
weight,NEIGHBOR,57,3492,0.0006478635345594008,0.9926302740024905
weight,NEIGHBOR,58,3152,0.0005847840380673629,0.9932150580405579
weight,NEIGHBOR,59,2745,0.0005092741702077765,0.9937243322107656
weight,NEIGHBOR,60,2672,0.0004957306312550741,0.9942200628420207
weight,NEIGHBOR,61,2394,0.00044415386647629027,0.994664216708497
weight,NEIGHBOR,62,2217,0.00041131542271425877,0.9950755321312112
weight,NEIGHBOR,63,2066,0.00038330070515455963,0.9954588328363658
weight,NEIGHBOR,64,1963,0.0003641913282760893,0.995823024164642
weight,NEIGHBOR,65,1728,0.0003205922645242396,0.9961436164291662
weight,NEIGHBOR,66,1632,0.00030278158316178184,0.9964463980123279
weight,NEIGHBOR,67,1444,0.00026790233216030207,0.9967143003444883
weight,NEIGHBOR,68,1323,0.00024545345252637095,0.9969597537970146
weight,NEIGHBOR,69,1245,0.00023098227391937402,0.997190736070934
weight,NEIGHBOR,70,1227,0.00022764277116391318,0.9974183788420979
weight,NEIGHBOR,71,1075,0.00019944252567335508,0.9976178213677713
weight,NEIGHBOR,72,961,0.0001782923415554365,0.9977961137093267
weight,NEIGHBOR,73,925,0.00017161333604451482,0.9979677270453712
weight,NEIGHBOR,74,845,0.00015677110157580004,0.998124498146947
weight,NEIGHBOR,75,737,0.00013673408504303507,0.99826123223199
weight,NEIGHBOR,76,709,0.00013153930297898488,0.9983927715349691
weight,NEIGHBOR,77,625,0.00011595495678683434,0.9985087264917559
weight,NEIGHBOR,78,586,0.00010871936748333588,0.9986174458592392
weight,NEIGHBOR,79,586,0.00010871936748333588,0.9987261652267225
weight,NEIGHBOR,80,538,9.9814026802107e-05,0.9988259792535247
weight,NEIGHBOR,81,478,8.868235095057091e-05,0.9989146616044753
weight,NEIGHBOR,82,428,7.940595440762416e-05,0.9989940675588829
weight,NEIGHBOR,83,378,7.01295578646774e-05,0.9990641971167475
weight,NEIGHBOR,84,379,7.031508579553635e-05,0.9991345122025431
weight,NEIGHBOR,85,326,6.0482105460012794e-05,0.9991949943080031
weight,NEIGHBOR,86,325,6.029657752915386e-05,0.9992552908855322
weight,NEIGHBOR,87,285,5.2875460294796464e-05,0.9993081663458271
weight,NEIGHBOR,88,259,4.8051734092464155e-05,0.9993562180799195
weight,NEIGHBOR,89,262,4.8608317885040955e-05,0.9994048263978046
weight,NEIGHBOR,90,218,4.044508892724782e-05,0.9994452714867318
weight,NEIGHBOR,91,223,4.137272858154249e-05,0.9994866442153133
weight,NEIGHBOR,92,184,3.413713927804403e-05,0.9995207813545913
weight,NEIGHBOR,93,154,2.8571301352275983e-05,0.9995493526559437
weight,NEIGHBOR,94,161,2.9869996868288527e-05,0.999579222652812
weight,NEIGHBOR,95,144,2.6716022043686632e-05,0.9996059386748556
weight,NEIGHBOR,96,146,2.7087077905404502e-05,0.999633025752761
weight,NEIGHBOR,97,140,2.5973910320250892e-05,0.9996589996630812
weight,NEIGHBOR,98,125,2.3190991357366867e-05,0.9996821906544386
weight,NEIGHBOR,99,111,2.059360032534178e-05,0.999702784254764
weight,NEIGHBOR,100,113,2.096465618705965e-05,0.9997237489109511
weight,NEIGHBOR,101,111,2.059360032534178e-05,0.9997443425112764
weight,NEIGHBOR,102,87,1.614092998472734e-05,0.9997604834412611
weight,NEIGHBOR,103,74,1.3729066883561186e-05,0.9997742125081447
weight,NEIGHBOR,104,78,1.4471178606996927e-05,0.9997886836867517
weight,NEIGHBOR,105,67,1.2430371367548642e-05,0.9998011140581192
weight,NEIGHBOR,106,69,1.280142722926651e-05,0.9998139154853485
weight,NEIGHBOR,107,48,8.905340681228877e-06,0.9998228208260297
weight,NEIGHBOR,108,60,1.1131675851536097e-05,0.9998339525018812
weight,NEIGHBOR,109,44,8.163228957793137e-06,0.999842115730839
weight,NEIGHBOR,110,57,1.0575092058959291e-05,0.999852690822898
weight,NEIGHBOR,111,48,8.905340681228877e-06,0.9998615961635793
weight,NEIGHBOR,112,58,1.0760619989818227e-05,0.999872356783569
weight,NEIGHBOR,113,38,7.050061372639528e-06,0.9998794068449417
weight,NEIGHBOR,114,37,6.864533441780593e-06,0.9998862713783835
weight,NEIGHBOR,115,33,6.122421718344854e-06,0.9998923938001019
weight,NEIGHBOR,116,32,5.9368937874859185e-06,0.9998983306938893
weight,NEIGHBOR,117,28,5.194782064050179e-06,0.9999035254759534
weight,NEIGHBOR,118,33,6.122421718344854e-06,0.9999096478976717
weight,NEIGHBOR,119,39,7.235589303498463e-06,0.9999168834869752
weight,NEIGHBOR,120,25,4.638198271473374e-06,0.9999215216852466
weight,NEIGHBOR,121,21,3.896086548037634e-06,0.9999254177717947
weight,NEIGHBOR,122,27,5.009254133191244e-06,0.9999304270259279
weight,NEIGHBOR,123,25,4.638198271473374e-06,0.9999350652241994
weight,NEIGHBOR,124,25,4.638198271473374e-06,0.9999397034224708
weight,NEIGHBOR,125,25,4.638198271473374e-06,0.9999443416207423
weight,NEIGHBOR,126,20,3.710558617178699e-06,0.9999480521793594
weight,NEIGHBOR,127,21,3.896086548037634e-06,0.9999519482659075
weight,NEIGHBOR,128,20,3.710558617178699e-06,0.9999556588245248
weight,NEIGHBOR,129,13,2.4118631011661544e-06,0.9999580706876259
weight,NEIGHBOR,130,24,4.452670340614439e-06,0.9999625233579665
weight,NEIGHBOR,131,15,2.782918962884024e-06,0.9999653062769294
weight,NEIGHBOR,132,12,2.2263351703072193e-06,0.9999675326120997
weight,NEIGHBOR,133,11,2.0408072394482843e-06,0.9999695734193391
weight,NEIGHBOR,134,20,3.710558617178699e-06,0.9999732839779563
weight,NEIGHBOR,135,12,2.2263351703072193e-06,0.9999755103131266
weight,NEIGHBOR,136,12,2.2263351703072193e-06,0.9999777366482969
weight,NEIGHBOR,137,5,9.276396542946748e-07,0.9999786642879512
weight,NEIGHBOR,138,7,1.2986955160125448e-06,0.9999799629834673
weight,NEIGHBOR,139,6,1.1131675851536097e-06,0.9999810761510524
weight,NEIGHBOR,140,6,1.1131675851536097e-06,0.9999821893186376
weight,NEIGHBOR,141,7,1.2986955160125448e-06,0.9999834880141536
weight,NEIGHBOR,142,5,9.276396542946748e-07,0.9999844156538078
weight,NEIGHBOR,143,4,7.421117234357398e-07,0.9999851577655313
weight,NEIGHBOR,144,8,1.4842234468714796e-06,0.9999866419889781
weight,NEIGHBOR,145,1,1.8552793085893495e-07,0.999986827516909
weight,NEIGHBOR,146,6,1.1131675851536097e-06,0.9999879406844941
weight,NEIGHBOR,147,1,1.8552793085893495e-07,0.999988126212425
weight,NEIGHBOR,148,5,9.276396542946748e-07,0.9999890538520794
weight,NEIGHBOR,149,4,7.421117234357398e-07,0.9999897959638028
weight,NEIGHBOR,150,2,3.710558617178699e-07,0.9999901670196645
weight,NEIGHBOR,151,2,3.710558617178699e-07,0.9999905380755262
weight,NEIGHBOR,152,3,5.565837925768048e-07,0.9999910946593188
weight,NEIGHBOR,153,3,5.565837925768048e-07,0.9999916512431114
weight,NEIGHBOR,154,3,5.565837925768048e-07,0.9999922078269039
weight,NEIGHBOR,155,1,1.8552793085893495e-07,0.9999923933548348
weight,NEIGHBOR,156,1,1.8552793085893495e-07,0.9999925788827656
weight,NEIGHBOR,157,3,5.565837925768048e-07,0.9999931354665582
weight,NEIGHBOR,158,1,1.8552793085893495e-07,0.9999933209944891
weight,NEIGHBOR,159,3,5.565837925768048e-07,0.9999938775782816
weight,NEIGHBOR,160,2,3.710558617178699e-07,0.9999942486341433
weight,NEIGHBOR,161,3,5.565837925768048e-07,0.9999948052179359
weight,NEIGHBOR,162,9,1.6697513777304145e-06,0.9999964749693137
weight,NEIGHBOR,163,1,1.8552793085893495e-07,0.9999966604972446
weight,NEIGHBOR,164,1,1.8552793085893495e-07,0.9999968460251754
weight,NEIGHBOR,166,1,1.8552793085893495e-07,0.9999970315531063
weight,NEIGHBOR,172,1,1.8552793085893495e-07,0.9999972170810372
weight,NEIGHBOR,174,1,1.8552793085893495e-07,0.999997402608968
weight,NEIGHBOR,177,1,1.8552793085893495e-07,0.9999975881368989
weight,NEIGHBOR,179,1,1.8552793085893495e-07,0.9999977736648297
weight,NEIGHBOR,183,1,1.8552793085893495e-07,0.9999979591927606
weight,NEIGHBOR,186,1,1.8552793085893495e-07,0.9999981447206914
weight,NEIGHBOR,188,1,1.8552793085893495e-07,0.9999983302486223
weight,NEIGHBOR,190,1,1.8552793085893495e-07,0.9999985157765531
weight,NEIGHBOR,192,1,1.8552793085893495e-07,0.999998701304484
weight,NEIGHBOR,199,2,3.710558617178699e-07,0.9999990723603457
weight,NEIGHBOR,210,2,3.710558617178699e-07,0.9999994434162074
weight,NEIGHBOR,211,1,1.8552793085893495e-07,0.9999996289441383
weight,NEIGHBOR,212,1,1.8552793085893495e-07,0.9999998144720691
weight,NEIGHBOR,229,1,1.8552793085893495e-07,1.0
buffer,NONE,0,1230,0.7971484121840571,0.7971484121840571
buffer,NONE,1,183,0.118600129617628,0.9157485418016851
buffer,NONE,2,61,0.03953337653920933,0.9552819183408944
buffer,NONE,3,36,0.023331173039533377,0.9786130913804277
buffer,NONE,4,12,0.007777057679844459,0.9863901490602722
buffer,NONE,5,9,0.005832793259883344,0.9922229423201555
buffer,NONE,6,5,0.0032404406999351912,0.9954633830200907
buffer,NONE,7,3,0.0019442644199611147,0.9974076474400518
buffer,NONE,9,1,0.0006480881399870382,0.9980557355800389
buffer,NONE,10,1,0.0006480881399870382,0.998703823720026
buffer,NONE,11,1,0.0006480881399870382,0.9993519118600129
buffer,NONE,16,1,0.0006480881399870382,1.0
buffer,MEAN,0,28,0.9032258064516129,0.9032258064516129
buffer,MEAN,1,1,0.03225806451612903,0.9354838709677419
buffer,MEAN,2,1,0.03225806451612903,0.967741935483871
buffer,MEAN,3,1,0.03225806451612903,1.0
buffer,NEIGHBOR,0,107,0.66875,0.66875
buffer,NEIGHBOR,1,17,0.10625,0.775
buffer,NEIGHBOR,2,20,0.125,0.9
buffer,NEIGHBOR,3,6,0.0375,0.9375
buffer,NEIGHBOR,4,5,0.03125,0.96875
buffer,NEIGHBOR,5,3,0.01875,0.9875
buffer,NEIGHBOR,6,1,0.00625,0.99375
buffer,NEIGHBOR,7,1,0.00625,1.0
