tensor_name,tensor_type,num_weights,num_chunks,bitwidth,predictor,bestK,bits_per_element,skip_count,skip_total,skip_p1,ctx0_zeros,ctx0_ones,ctx0_p1,ctx1_zeros,ctx1_ones,ctx1_p1,ctx2_zeros,ctx2_ones,ctx2_p1,ctx3_zeros,ctx3_ones,ctx3_p1,ctx4_zeros,ctx4_ones,ctx4_p1,ctx5_zeros,ctx5_ones,ctx5_p1,ctx6_zeros,ctx6_ones,ctx6_p1,ctx7_zeros,ctx7_ones,ctx7_p1,ctx8_zeros,ctx8_ones,ctx8_p1,ctx9_zeros,ctx9_ones,ctx9_p1,ctx10_zeros,ctx10_ones,ctx10_p1,ctx11_zeros,ctx11_ones,ctx11_p1,ctx12_zeros,ctx12_ones,ctx12_p1
lm_head_bias,bias,50265,25,12,0,0,4.246094,0,25,0.0,50265,0,0.0,0,0,0.0,0,0,0.0,0,0,0.0,0,0,0.0,0,0,0.0,0,0,0.0,0,0,0.0,0,0,0.0,0,0,0.0,0,0,0.0,0,0,0.0,0,0,0.0
lm_head_dense_bias,bias,768,1,12,0,0,4.246094,0,1,0.0,768,0,0.0,0,0,0.0,0,0,0.0,0,0,0.0,0,0,0.0,0,0,0.0,0,0,0.0,0,0,0.0,0,0,0.0,0,0,0.0,0,0,0.0,0,0,0.0,0,0,0.0
lm_head_dense_weight,weight,589824,288,8,2,2,8.429636,288,288,1.0,0,0,0.0,0,0,0.0,0,0,0.0,0,0,0.0,0,0,0.0,0,0,0.0,0,0,0.0,0,0,0.0,0,0,0.0,0,0,0.0,0,0,0.0,0,0,0.0,0,0,0.0
lm_head_layer_norm_bias,bias,768,1,12,0,0,4.246094,0,1,0.0,768,0,0.0,0,0,0.0,0,0,0.0,0,0,0.0,0,0,0.0,0,0,0.0,0,0,0.0,0,0,0.0,0,0,0.0,0,0,0.0,0,0,0.0,0,0,0.0,0,0,0.0
lm_head_layer_norm_weight,weight,768,1,8,0,0,4.246094,0,1,0.0,768,0,0.0,0,0,0.0,0,0,0.0,0,0,0.0,0,0,0.0,0,0,0.0,0,0,0.0,0,0,0.0,0,0,0.0,0,0,0.0,0,0,0.0,0,0,0.0,0,0,0.0
roberta_embeddings_LayerNorm_bias,bias,768,1,12,0,2,13.496353,1,1,1.0,0,0,0.0,0,0,0.0,0,0,0.0,0,0,0.0,0,0,0.0,0,0,0.0,0,0,0.0,0,0,0.0,0,0,0.0,0,0,0.0,0,0,0.0,0,0,0.0,0,0,0.0
roberta_embeddings_LayerNorm_weight,weight,768,1,8,1,1,6.034266,0,1,0.0,2,30,0.9375,13,394,0.9680589680589681,16,313,0.9513677811550152,329,408,0.55359565807327,70,140,0.6666666666666666,118,219,0.6498516320474778,436,0,0.0,436,0,0.0,0,0,0.0,0,0,0.0,0,0,0.0,0,0,0.0,301,436,0.5915875169606513
roberta_embeddings_position_embeddings_weight,weight,394752,193,8,0,1,6.724406,0,193,0.0,1891,18932,0.9091869567305384,9207,175842,0.9502456106220515,9542,179338,0.9494811520542144,188953,185159,0.4949293259772475,53278,100137,0.6527197470912232,52712,98392,0.6511541719610334,197586,22,0.00011133152503947209,195169,2439,0.01234261770778511,0,0,0.0,0,0,0.0,0,0,0.0,0,0,0.0,176504,197608,0.5282054571892909
roberta_embeddings_position_ids,buffer,514,1,32,2,0,7.333764,0,1,0.0,1,1,0.5,0,0,0.0,0,512,1.0,513,0,0.0,0,0,0.0,0,0,0.0,0,0,0.0,0,0,0.0,0,0,0.0,0,0,0.0,0,0,0.0,0,0,0.0,513,0,0.0
roberta_embeddings_token_type_embeddings_weight,weight,768,1,8,0,1,7.428879,0,1,0.0,0,17,1.0,9,371,0.9763157894736842,7,364,0.9811320754716981,371,381,0.5066489361702128,47,85,0.6439393939393939,48,125,0.7225433526011561,590,0,0.0,586,4,0.006779661016949152,0,0,0.0,0,0,0.0,0,0,0.0,0,0,0.0,162,590,0.7845744680851063
roberta_embeddings_token_type_ids,buffer,514,1,32,0,0,4.246094,0,1,0.0,509,0,0.0,0,0,0.0,0,0,0.0,0,0,0.0,0,0,0.0,0,0,0.0,0,0,0.0,0,0,0.0,0,0,0.0,0,0,0.0,0,0,0.0,0,0,0.0,0,0,0.0
roberta_embeddings_word_embeddings_weight,weight,38603520,18850,8,2,1,6.330709,18742,18850,0.9942705570291778,92,4554,0.9801980198019802,2229,105116,0.9792351763007127,2218,105695,0.9794464059010499,107959,107406,0.49871613307640517,14066,28562,0.670029088861781,13614,27472,0.6686462541985104,169012,8,4.733167672464797e-05,168738,282,0.0016684416045438409,0,0,0.0,0,0,0.0,0,0,0.0,0,0,0.0,46345,169020,0.7848071877974602
roberta_encoder_layer_0_attention_output_LayerNorm_bias,bias,768,1,12,2,3,14.353419,1,1,1.0,0,0,0.0,0,0,0.0,0,0,0.0,0,0,0.0,0,0,0.0,0,0,0.0,0,0,0.0,0,0,0.0,0,0,0.0,0,0,0.0,0,0,0.0,0,0,0.0,0,0,0.0
roberta_encoder_layer_0_attention_output_LayerNorm_weight,weight,768,1,8,1,0,6.4546,0,1,0.0,4,45,0.9183673469387755,13,265,0.9532374100719424,31,410,0.9297052154195011,442,278,0.3861111111111111,147,255,0.6343283582089553,106,169,0.6145454545454545,314,0,0.0,314,0,0.0,0,0,0.0,0,0,0.0,0,0,0.0,0,0,0.0,406,314,0.4361111111111111
roberta_encoder_layer_0_attention_output_dense_bias,bias,768,1,12,0,3,15.187744,1,1,1.0,0,0,0.0,0,0,0.0,0,0,0.0,0,0,0.0,0,0,0.0,0,0,0.0,0,0,0.0,0,0,0.0,0,0,0.0,0,0,0.0,0,0,0.0,0,0,0.0,0,0,0.0
roberta_encoder_layer_0_attention_output_dense_weight,weight,589824,288,8,0,0,6.010494,0,288,0.0,2692,33052,0.924686660698299,16334,260883,0.9410786495777675,16453,260410,0.940573496639132,276993,277352,0.5003238055723421,87503,152063,0.6347436614544635,88394,153539,0.6346343822463244,263549,12,4.5530256752706206e-05,263274,287,0.0010889319740022233,0,0,0.0,0,0,0.0,0,0,0.0,0,0,0.0,290784,263561,0.4754457963903345
roberta_encoder_layer_0_attention_self_key_bias,bias,768,1,12,0,2,14.321742,1,1,1.0,0,0,0.0,0,0,0.0,0,0,0.0,0,0,0.0,0,0,0.0,0,0,0.0,0,0,0.0,0,0,0.0,0,0,0.0,0,0,0.0,0,0,0.0,0,0,0.0,0,0,0.0
roberta_encoder_layer_0_attention_self_key_weight,weight,589824,288,8,0,1,8.548805,120,288,0.4166666666666667,162,7474,0.9787847040335254,3683,164435,0.9780927681747345,3628,164682,0.9784445368664964,168376,168215,0.49976083733670834,21702,43152,0.6653714497178277,21687,42306,0.6611035582016783,264330,0,0.0,263637,693,0.0026217228464419477,0,0,0.0,0,0,0.0,0,0,0.0,0,0,0.0,72261,264330,0.7853151153774165
roberta_encoder_layer_0_attention_self_query_bias,bias,768,1,12,1,3,16.024445,1,1,1.0,0,0,0.0,0,0,0.0,0,0,0.0,0,0,0.0,0,0,0.0,0,0,0.0,0,0,0.0,0,0,0.0,0,0,0.0,0,0,0.0,0,0,0.0,0,0,0.0,0,0,0.0
roberta_encoder_layer_0_attention_self_query_weight,weight,589824,288,8,0,1,8.457878,150,288,0.5208333333333334,123,5984,0.9798591779924677,2948,135541,0.9787131107885825,2902,135126,0.9789752803778944,138098,138553,0.5008223357226252,17253,34332,0.6655423088107008,17533,34752,0.6646648178253801,218482,0,0.0,217835,647,0.002961342353145797,0,0,0.0,0,0,0.0,0,0,0.0,0,0,0.0,58169,218482,0.7897386960466436
roberta_encoder_layer_0_attention_self_value_bias,bias,768,1,12,0,2,14.949203,1,1,1.0,0,0,0.0,0,0,0.0,0,0,0.0,0,0,0.0,0,0,0.0,0,0,0.0,0,0,0.0,0,0,0.0,0,0,0.0,0,0,0.0,0,0,0.0,0,0,0.0,0,0,0.0
roberta_encoder_layer_0_attention_self_value_weight,weight,589824,288,8,0,1,6.262676,152,288,0.5277777777777778,177,6969,0.9752308984047019,3406,132310,0.974903474903475,3428,132238,0.974732062565418,135729,135788,0.5001086488138864,19511,38358,0.6628419360970468,19787,38052,0.6578951918255848,205873,0,0.0,205444,429,0.0020838089501780226,0,0,0.0,0,0,0.0,0,0,0.0,0,0,0.0,65644,205873,0.7582324495335467
roberta_encoder_layer_0_intermediate_dense_bias,bias,3072,2,12,2,3,14.462399,2,2,1.0,0,0,0.0,0,0,0.0,0,0,0.0,0,0,0.0,0,0,0.0,0,0,0.0,0,0,0.0,0,0,0.0,0,0,0.0,0,0,0.0,0,0,0.0,0,0,0.0,0,0,0.0
roberta_encoder_layer_0_intermediate_dense_weight,weight,2359296,1152,8,0,1,6.407806,0,1152,0.0,2465,72404,0.9670758257756882,37394,1194156,0.9696366367585563,33894,1018983,0.9678082055168837,1053328,1232215,0.5391344638888876,199547,387472,0.6600672209928469,204690,402427,0.6628491707529192,1607799,2,1.2439350392243816e-06,1605840,1961,0.001219678305959506,0,0,0.0,0,0,0.0,0,0,0.0,0,0,0.0,677742,1607801,0.703465653457406
roberta_encoder_layer_0_output_LayerNorm_bias,bias,768,1,12,1,2,16.274582,1,1,1.0,0,0,0.0,0,0,0.0,0,0,0.0,0,0,0.0,0,0,0.0,0,0,0.0,0,0,0.0,0,0,0.0,0,0,0.0,0,0,0.0,0,0,0.0,0,0,0.0,0,0,0.0
roberta_encoder_layer_0_output_LayerNorm_weight,weight,768,1,8,1,1,6.517731,0,1,0.0,1,32,0.9696969696969697,10,352,0.9723756906077348,21,352,0.9436997319034852,374,362,0.49184782608695654,84,165,0.6626506024096386,97,206,0.6798679867986799,427,0,0.0,427,0,0.0,0,0,0.0,0,0,0.0,0,0,0.0,0,0,0.0,309,427,0.5801630434782609
roberta_encoder_layer_0_output_dense_bias,bias,768,1,12,1,3,14.788798,1,1,1.0,0,0,0.0,0,0,0.0,0,0,0.0,0,0,0.0,0,0,0.0,0,0,0.0,0,0,0.0,0,0,0.0,0,0,0.0,0,0,0.0,0,0,0.0,0,0,0.0,0,0,0.0
roberta_encoder_layer_0_output_dense_weight,weight,2359296,1152,8,2,1,6.108843,0,1152,0.0,6093,103484,0.9443952654297891,50908,1076727,0.9548541859732981,51469,1070615,0.9541308850317801,1122637,1128189,0.5012333250104628,283633,524127,0.6488647618104387,285332,527464,0.6489500440454924,1303730,3,2.3010846546033584e-06,1302977,756,0.0005798733329600463,0,0,0.0,0,0,0.0,0,0,0.0,0,0,0.0,947093,1303733,0.5792242492311711
roberta_encoder_layer_10_attention_output_LayerNorm_bias,bias,768,1,12,1,2,15.06133,1,1,1.0,0,0,0.0,0,0,0.0,0,0,0.0,0,0,0.0,0,0,0.0,0,0,0.0,0,0,0.0,0,0,0.0,0,0,0.0,0,0,0.0,0,0,0.0,0,0,0.0,0,0,0.0
roberta_encoder_layer_10_attention_output_LayerNorm_weight,weight,768,1,8,1,0,6.143489,0,1,0.0,2,37,0.9487179487179487,18,346,0.9505494505494505,18,347,0.9506849315068493,365,365,0.5,83,164,0.6639676113360324,112,199,0.639871382636656,414,0,0.0,414,0,0.0,0,0,0.0,0,0,0.0,0,0,0.0,0,0,0.0,316,414,0.5671232876712329
roberta_encoder_layer_10_attention_output_dense_bias,bias,768,1,12,1,3,15.141749,1,1,1.0,0,0,0.0,0,0,0.0,0,0,0.0,0,0,0.0,0,0,0.0,0,0,0.0,0,0,0.0,0,0,0.0,0,0,0.0,0,0,0.0,0,0,0.0,0,0,0.0,0,0,0.0
roberta_encoder_layer_10_attention_output_dense_weight,weight,589824,288,8,0,1,6.070908,0,288,0.0,1040,23238,0.957162863497817,11536,271094,0.9591833846371581,11427,271489,0.9596099195520932,283065,282756,0.4997269454474118,68152,128961,0.654249085549913,67808,128540,0.6546539817059507,340337,0,0.0,340202,135,0.0003966656578626479,0,0,0.0,0,0,0.0,0,0,0.0,0,0,0.0,225484,340337,0.601492344752139
roberta_encoder_layer_10_attention_self_key_bias,bias,768,1,12,0,2,8.184072,0,1,0.0,29,113,0.795774647887324,58,278,0.8273809523809523,55,235,0.8103448275862069,290,336,0.536741214057508,83,84,0.5029940119760479,109,76,0.41081081081081083,211,0,0.0,199,12,0.05687203791469194,198,13,0.061611374407582936,183,28,0.13270142180094788,0,0,0.0,0,0,0.0,415,211,0.33706070287539935
roberta_encoder_layer_10_attention_self_key_weight,weight,589824,288,8,1,1,7.075769,0,288,0.0,247,12337,0.9803719008264463,5980,282855,0.9792961379334222,6073,282332,0.9789428061233335,288542,288982,0.5003809365498231,35865,71816,0.6669328850957922,35992,71824,0.6661719967351785,456974,0,0.0,456207,767,0.0016784324709939733,0,0,0.0,0,0,0.0,0,0,0.0,0,0,0.0,120550,456974,0.7912640859946946
roberta_encoder_layer_10_attention_self_query_bias,bias,768,1,12,0,3,16.10734,1,1,1.0,0,0,0.0,0,0,0.0,0,0,0.0,0,0,0.0,0,0,0.0,0,0,0.0,0,0,0.0,0,0,0.0,0,0,0.0,0,0,0.0,0,0,0.0,0,0,0.0,0,0,0.0
roberta_encoder_layer_10_attention_self_query_weight,weight,589824,288,8,1,1,8.468143,234,288,0.8125,41,1998,0.9798921039725356,919,54195,0.9833254708422542,1026,52413,0.9808005389322405,53467,55139,0.5076975489383644,5717,11486,0.6676742428646166,5880,11968,0.6705513222770059,89088,2,2.2449208665394545e-05,88689,401,0.004501066337411606,0,0,0.0,0,0,0.0,0,0,0.0,0,0,0.0,19516,89090,0.8203045872235419
roberta_encoder_layer_10_attention_self_value_bias,bias,768,1,12,1,2,15.228907,1,1,1.0,0,0,0.0,0,0,0.0,0,0,0.0,0,0,0.0,0,0,0.0,0,0,0.0,0,0,0.0,0,0,0.0,0,0,0.0,0,0,0.0,0,0,0.0,0,0,0.0,0,0,0.0
roberta_encoder_layer_10_attention_self_value_weight,weight,589824,288,8,1,1,7.443115,108,288,0.375,168,7497,0.9780821917808219,3694,178873,0.9797663323601746,3626,174782,0.9796757992915116,178497,182655,0.5057565789473685,21642,42293,0.6614999608977868,21805,43275,0.6649508297480025,288732,0,0.0,287462,1270,0.004398542593131347,0,0,0.0,0,0,0.0,0,0,0.0,0,0,0.0,72420,288732,0.7994750132908027
roberta_encoder_layer_10_intermediate_dense_bias,bias,3072,2,12,2,3,15.107327,2,2,1.0,0,0,0.0,0,0,0.0,0,0,0.0,0,0,0.0,0,0,0.0,0,0,0.0,0,0,0.0,0,0,0.0,0,0,0.0,0,0,0.0,0,0,0.0,0,0,0.0,0,0,0.0
roberta_encoder_layer_10_intermediate_dense_weight,weight,2359296,1152,8,1,1,6.807365,2,1152,0.001736111111111111,1584,60037,0.9742944775320102,30337,1174400,0.97481857036017,28581,1060261,0.9737510125436014,1089331,1205367,0.5252835013583487,168937,333130,0.6635170206366879,172091,343796,0.6664172580429435,1723246,0,0.0,1722153,1093,0.000634268119583623,0,0,0.0,0,0,0.0,0,0,0.0,0,0,0.0,571452,1723246,0.7509685370362461
roberta_encoder_layer_10_output_LayerNorm_bias,bias,768,1,12,1,2,11.508774,0,1,0.0,0,7,1.0,3,389,0.9923469387755102,3,366,0.991869918699187,369,393,0.515748031496063,16,25,0.6097560975609756,18,25,0.5813953488372093,713,0,0.0,711,2,0.002805049088359046,704,9,0.012622720897615708,700,13,0.0182328190743338,0,0,0.0,0,0,0.0,49,713,0.9356955380577427
roberta_encoder_layer_10_output_LayerNorm_weight,weight,768,1,8,2,1,6.163956,0,1,0.0,2,32,0.9411764705882353,17,335,0.9517045454545454,14,368,0.9633507853403142,383,352,0.47891156462585033,89,188,0.6787003610108303,81,167,0.6733870967741935,438,0,0.0,437,1,0.00228310502283105,0,0,0.0,0,0,0.0,0,0,0.0,0,0,0.0,297,438,0.5959183673469388
roberta_encoder_layer_10_output_dense_bias,bias,768,1,12,2,3,15.017461,1,1,1.0,0,0,0.0,0,0,0.0,0,0,0.0,0,0,0.0,0,0,0.0,0,0,0.0,0,0,0.0,0,0,0.0,0,0,0.0,0,0,0.0,0,0,0.0,0,0,0.0,0,0,0.0
roberta_encoder_layer_10_output_dense_weight,weight,2359296,1152,8,0,1,6.032269,3,1152,0.0026041666666666665,4821,97936,0.9530834882295124,48386,1076849,0.9569992046105924,48447,1076713,0.9569421237868392,1125716,1125782,0.5000146569084227,281429,524889,0.6509702127448476,282214,527119,0.6513005153626504,1318138,0,0.0,1318048,90,6.82781317282409e-05,0,0,0.0,0,0,0.0,0,0,0.0,0,0,0.0,933360,1318138,0.58544933195588
roberta_encoder_layer_11_attention_output_LayerNorm_bias,bias,768,1,12,2,3,14.441615,1,1,1.0,0,0,0.0,0,0,0.0,0,0,0.0,0,0,0.0,0,0,0.0,0,0,0.0,0,0,0.0,0,0,0.0,0,0,0.0,0,0,0.0,0,0,0.0,0,0,0.0,0,0,0.0
roberta_encoder_layer_11_attention_output_LayerNorm_weight,weight,768,1,8,1,0,6.554626,0,1,0.0,9,68,0.8831168831168831,30,308,0.9112426035502958,37,316,0.8951841359773371,353,339,0.48988439306358383,158,230,0.5927835051546392,169,231,0.5775,159,0,0.0,158,1,0.006289308176100629,0,0,0.0,0,0,0.0,0,0,0.0,0,0,0.0,533,159,0.22976878612716764
roberta_encoder_layer_11_attention_output_dense_bias,bias,768,1,12,0,3,15.930008,1,1,1.0,0,0,0.0,0,0,0.0,0,0,0.0,0,0,0.0,0,0,0.0,0,0,0.0,0,0,0.0,0,0,0.0,0,0,0.0,0,0,0.0,0,0,0.0,0,0,0.0,0,0,0.0
roberta_encoder_layer_11_attention_output_dense_weight,weight,589824,288,8,0,1,6.047794,0,288,0.0,993,22762,0.958198274047569,11217,271874,0.9603766986587352,11266,271712,0.9601877177731131,283113,283235,0.5001077076285252,66064,126693,0.6572679591402647,66324,126604,0.6562240835959529,346466,0,0.0,346313,153,0.00044160177333417997,0,0,0.0,0,0,0.0,0,0,0.0,0,0,0.0,219882,346466,0.6117546102396406
roberta_encoder_layer_11_attention_self_key_bias,bias,768,1,12,1,2,6.592367,0,1,0.0,0,3,1.0,2,688,0.9971014492753624,0,75,1.0,75,691,0.902088772845953,7,19,0.7307692307692307,82,512,0.8619528619528619,539,0,0.0,530,9,0.016697588126159554,520,19,0.03525046382189239,514,25,0.04638218923933209,0,0,0.0,0,0,0.0,227,539,0.7036553524804178
roberta_encoder_layer_11_attention_self_key_weight,weight,589824,288,8,0,1,7.322372,4,288,0.013888888888888888,197,11204,0.9827208139636874,5532,279546,0.9805947845852714,5391,279762,0.9810943598699645,285281,285231,0.4999561797122585,33038,66197,0.6670731092860382,33187,65685,0.6643437980419128,459930,0,0.0,458769,1161,0.002524297175657165,0,0,0.0,0,0,0.0,0,0,0.0,0,0,0.0,110582,459930,0.8061705976386123
roberta_encoder_layer_11_attention_self_query_bias,bias,768,1,12,0,3,16.032806,1,1,1.0,0,0,0.0,0,0,0.0,0,0,0.0,0,0,0.0,0,0,0.0,0,0,0.0,0,0,0.0,0,0,0.0,0,0,0.0,0,0,0.0,0,0,0.0,0,0,0.0,0,0,0.0
roberta_encoder_layer_11_attention_self_query_weight,weight,589824,288,8,0,1,7.246891,5,288,0.017361111111111112,227,11154,0.9800544767595115,5441,280295,0.9809579471960131,5436,277031,0.9807552740674131,282596,285884,0.5028919223191669,32462,64935,0.6667043132745362,32011,64279,0.6675563402222453,460828,1,2.1700023219024846e-06,459686,1143,0.00248031265393454,0,0,0.0,0,0,0.0,0,0,0.0,0,0,0.0,107651,460829,0.8106336194764987
roberta_encoder_layer_11_attention_self_value_bias,bias,768,1,12,2,3,14.336309,1,1,1.0,0,0,0.0,0,0,0.0,0,0,0.0,0,0,0.0,0,0,0.0,0,0,0.0,0,0,0.0,0,0,0.0,0,0,0.0,0,0,0.0,0,0,0.0,0,0,0.0,0,0,0.0
roberta_encoder_layer_11_attention_self_value_weight,weight,589824,288,8,0,1,7.71629,121,288,0.4201388888888889,154,7164,0.9789559989068052,3513,164991,0.9791518302236148,3488,162706,0.9790124793915544,166278,168583,0.5034417265671428,19663,39115,0.66547007383715,20136,39873,0.6644503324501325,267895,0,0.0,266837,1058,0.00394930849773232,0,0,0.0,0,0,0.0,0,0,0.0,0,0,0.0,66966,267895,0.80001851514509
roberta_encoder_layer_11_intermediate_dense_bias,bias,3072,2,12,1,2,17.198643,2,2,1.0,0,0,0.0,0,0,0.0,0,0,0.0,0,0,0.0,0,0,0.0,0,0,0.0,0,0,0.0,0,0,0.0,0,0,0.0,0,0,0.0,0,0,0.0,0,0,0.0,0,0,0.0
roberta_encoder_layer_11_intermediate_dense_weight,weight,2359296,1152,8,1,1,8.320921,660,1152,0.5729166666666666,348,18873,0.9818948025597003,9462,503284,0.9815464186946363,8928,466721,0.9812298564697918,475854,513024,0.5187940271701869,53843,108248,0.6678223960614716,53951,108807,0.6685201341869524,807647,0,0.0,804571,3076,0.0038085945964016457,0,0,0.0,0,0,0.0,0,0,0.0,0,0,0.0,181231,807647,0.8167306786074723
roberta_encoder_layer_11_output_LayerNorm_bias,bias,768,1,12,1,2,14.189621,1,1,1.0,0,0,0.0,0,0,0.0,0,0,0.0,0,0,0.0,0,0,0.0,0,0,0.0,0,0,0.0,0,0,0.0,0,0,0.0,0,0,0.0,0,0,0.0,0,0,0.0,0,0,0.0
roberta_encoder_layer_11_output_LayerNorm_weight,weight,768,1,8,1,1,6.284459,0,1,0.0,0,19,1.0,5,408,0.9878934624697336,13,323,0.9613095238095238,337,413,0.5506666666666666,74,116,0.6105263157894737,90,157,0.6356275303643725,499,0,0.0,498,1,0.002004008016032064,0,0,0.0,0,0,0.0,0,0,0.0,0,0,0.0,251,499,0.6653333333333333
roberta_encoder_layer_11_output_dense_bias,bias,768,1,12,0,2,18.578644,1,1,1.0,0,0,0.0,0,0,0.0,0,0,0.0,0,0,0.0,0,0,0.0,0,0,0.0,0,0,0.0,0,0,0.0,0,0,0.0,0,0,0.0,0,0,0.0,0,0,0.0,0,0,0.0
roberta_encoder_layer_11_output_dense_weight,weight,2359296,1152,8,2,1,6.418182,1,1152,0.0008680555555555555,5219,102344,0.9514795980030308,50996,1074278,0.9546812598531558,50256,1074155,0.9553045994747472,1124968,1125809,0.5001868243722057,295333,547195,0.6494680295491663,296448,548867,0.6493046970655909,1274577,186,0.0001459094749376943,1274457,306,0.0002400446200587874,0,0,0.0,0,0,0.0,0,0,0.0,0,0,0.0,976014,1274763,0.5663657483615658
roberta_encoder_layer_1_attention_output_LayerNorm_bias,bias,768,1,12,0,3,15.891871,1,1,1.0,0,0,0.0,0,0,0.0,0,0,0.0,0,0,0.0,0,0,0.0,0,0,0.0,0,0,0.0,0,0,0.0,0,0,0.0,0,0,0.0,0,0,0.0,0,0,0.0,0,0,0.0
roberta_encoder_layer_1_attention_output_LayerNorm_weight,weight,768,1,8,1,1,6.296829,0,1,0.0,0,28,1.0,11,319,0.9666666666666667,16,394,0.9609756097560975,410,331,0.446693657219973,73,177,0.708,74,122,0.6224489795918368,491,0,0.0,491,0,0.0,0,0,0.0,0,0,0.0,0,0,0.0,0,0,0.0,250,491,0.6626180836707153
roberta_encoder_layer_1_attention_output_dense_bias,bias,768,1,12,0,3,14.671977,1,1,1.0,0,0,0.0,0,0,0.0,0,0,0.0,0,0,0.0,0,0,0.0,0,0,0.0,0,0,0.0,0,0,0.0,0,0,0.0,0,0,0.0,0,0,0.0,0,0,0.0,0,0,0.0
roberta_encoder_layer_1_attention_output_dense_weight,weight,589824,288,8,0,0,6.18218,0,288,0.0,2031,28262,0.9329548080414617,14010,266493,0.9500540101175389,13978,265050,0.9499046690654701,279166,280639,0.5013156366949205,76821,138258,0.6428242645725524,77745,140432,0.6436608808444519,303061,0,0.0,302771,290,0.0009569030657194426,0,0,0.0,0,0,0.0,0,0,0.0,0,0,0.0,256744,303061,0.541368869517064
roberta_encoder_layer_1_attention_self_key_bias,bias,768,1,12,1,2,11.07988,0,1,0.0,0,10,1.0,3,399,0.9925373134328358,6,350,0.9831460674157303,357,402,0.5296442687747036,17,47,0.734375,23,39,0.6290322580645161,686,0,0.0,681,5,0.007288629737609329,679,7,0.01020408163265306,670,16,0.023323615160349854,0,0,0.0,0,0,0.0,73,686,0.9038208168642952
roberta_encoder_layer_1_attention_self_key_weight,weight,589824,288,8,0,1,6.582199,24,288,0.08333333333333333,416,13869,0.9708785439271964,6807,256252,0.9741236756773195,6807,256521,0.9741501093693037,263444,263198,0.4997664447575393,40720,79335,0.6608221231935363,40299,79162,0.6626597801793054,391832,0,0.0,391156,676,0.0017252291798525899,0,0,0.0,0,0,0.0,0,0,0.0,0,0,0.0,134810,391832,0.7440196566168289
roberta_encoder_layer_1_attention_self_query_bias,bias,768,1,12,1,3,16.512141,1,1,1.0,0,0,0.0,0,0,0.0,0,0,0.0,0,0,0.0,0,0,0.0,0,0,0.0,0,0,0.0,0,0,0.0,0,0,0.0,0,0,0.0,0,0,0.0,0,0,0.0,0,0,0.0
roberta_encoder_layer_1_attention_self_query_weight,weight,589824,288,8,1,1,6.982422,25,288,0.08680555555555555,307,11925,0.9749018966644866,5895,261082,0.977919446244433,5774,253641,0.9777422277046431,259541,267107,0.5071831659856298,34339,68289,0.6654032038040301,34418,68649,0.6660618820767074,411483,1,2.430228149818705e-06,410202,1282,0.0031155524880675796,0,0,0.0,0,0,0.0,0,0,0.0,0,0,0.0,115164,411484,0.7813264267594294
roberta_encoder_layer_1_attention_self_value_bias,bias,768,1,12,1,2,14.506088,1,1,1.0,0,0,0.0,0,0,0.0,0,0,0.0,0,0,0.0,0,0,0.0,0,0,0.0,0,0,0.0,0,0,0.0,0,0,0.0,0,0,0.0,0,0,0.0,0,0,0.0,0,0,0.0
roberta_encoder_layer_1_attention_self_value_weight,weight,589824,288,8,0,1,7.870525,56,288,0.19444444444444445,322,11764,0.9733576038391527,5717,227057,0.9754396968733622,5818,224458,0.974734666226615,230400,232879,0.5026754936010481,34293,67103,0.6617913921653714,34272,66268,0.6591207479610105,349006,0,0.0,348225,781,0.002237783877641072,0,0,0.0,0,0,0.0,0,0,0.0,0,0,0.0,114273,349006,0.7533387008692386
roberta_encoder_layer_1_intermediate_dense_bias,bias,3072,2,12,2,3,14.924717,2,2,1.0,0,0,0.0,0,0,0.0,0,0,0.0,0,0,0.0,0,0,0.0,0,0,0.0,0,0,0.0,0,0,0.0,0,0,0.0,0,0,0.0,0,0,0.0,0,0,0.0,0,0,0.0
roberta_encoder_layer_1_intermediate_dense_weight,weight,2359296,1152,8,0,1,6.845097,0,1152,0.0,2355,69601,0.9672716660181222,35834,1188068,0.9707215120164849,32637,1030801,0.9693099174564008,1063935,1224535,0.5350889458896119,193365,374763,0.6596453616086516,197782,386655,0.6615854232363796,1634063,0,0.0,1631910,2153,0.0013175746589941758,0,0,0.0,0,0,0.0,0,0,0.0,0,0,0.0,654407,1634063,0.7140416959802838
roberta_encoder_layer_1_output_LayerNorm_bias,bias,768,1,12,1,2,13.954447,1,1,1.0,0,0,0.0,0,0,0.0,0,0,0.0,0,0,0.0,0,0,0.0,0,0,0.0,0,0,0.0,0,0,0.0,0,0,0.0,0,0,0.0,0,0,0.0,0,0,0.0,0,0,0.0
roberta_encoder_layer_1_output_LayerNorm_weight,weight,768,1,8,1,1,6.435282,0,1,0.0,0,24,1.0,8,353,0.9778393351800554,15,368,0.9608355091383812,384,361,0.48456375838926175,53,105,0.6645569620253164,67,124,0.6492146596858639,538,0,0.0,538,0,0.0,0,0,0.0,0,0,0.0,0,0,0.0,0,0,0.0,207,538,0.7221476510067114
roberta_encoder_layer_1_output_dense_bias,bias,768,1,12,2,3,15.34756,1,1,1.0,0,0,0.0,0,0,0.0,0,0,0.0,0,0,0.0,0,0,0.0,0,0,0.0,0,0,0.0,0,0,0.0,0,0,0.0,0,0,0.0,0,0,0.0,0,0,0.0,0,0,0.0
roberta_encoder_layer_1_output_dense_weight,weight,2359296,1152,8,0,0,6.319435,0,1152,0.0,5469,97174,0.9467182369961907,48029,1080951,0.9574580594873249,48025,1079648,0.9574122994875287,1128228,1129545,0.5002916590817589,269721,500257,0.6497029785266593,269616,500358,0.6498375269814305,1360343,4,2.940426229484095e-06,1359306,1041,0.0007652459262232357,0,0,0.0,0,0,0.0,0,0,0.0,0,0,0.0,897426,1360347,0.6025171706810206
roberta_encoder_layer_2_attention_output_LayerNorm_bias,bias,768,1,12,1,2,15.132029,1,1,1.0,0,0,0.0,0,0,0.0,0,0,0.0,0,0,0.0,0,0,0.0,0,0,0.0,0,0,0.0,0,0,0.0,0,0,0.0,0,0,0.0,0,0,0.0,0,0,0.0,0,0,0.0
roberta_encoder_layer_2_attention_output_LayerNorm_weight,weight,768,1,8,1,1,6.477173,0,1,0.0,0,14,1.0,5,327,0.9849397590361446,8,414,0.981042654028436,423,332,0.43973509933774835,55,92,0.6258503401360545,51,114,0.6909090909090909,583,0,0.0,583,0,0.0,0,0,0.0,0,0,0.0,0,0,0.0,0,0,0.0,172,583,0.7721854304635761
roberta_encoder_layer_2_attention_output_dense_bias,bias,768,1,12,2,3,14.592809,1,1,1.0,0,0,0.0,0,0,0.0,0,0,0.0,0,0,0.0,0,0,0.0,0,0,0.0,0,0,0.0,0,0,0.0,0,0,0.0,0,0,0.0,0,0,0.0,0,0,0.0,0,0,0.0
roberta_encoder_layer_2_attention_output_dense_weight,weight,589824,288,8,2,1,6.287725,0,288,0.0,1410,24571,0.9457295716100227,12159,269904,0.9568926090979675,12137,269643,0.9569273901625381,281921,282197,0.5002446296696791,68980,127098,0.6482012260426973,69199,127281,0.6478063925081433,334815,2,5.973412341667239e-06,334461,356,0.0010632673968167686,0,0,0.0,0,0,0.0,0,0,0.0,0,0,0.0,229301,334817,0.593522986325556
roberta_encoder_layer_2_attention_self_key_bias,bias,768,1,12,0,1,8.781357,0,1,0.0,1,24,0.96,14,364,0.9629629629629629,9,356,0.9753424657534246,366,378,0.5080645161290323,60,89,0.5973154362416108,57,145,0.7178217821782178,543,0,0.0,540,3,0.0055248618784530384,539,4,0.007366482504604052,532,11,0.020257826887661142,0,0,0.0,0,0,0.0,201,543,0.7298387096774194
roberta_encoder_layer_2_attention_self_key_weight,weight,589824,288,8,0,1,7.045969,0,288,0.0,434,15327,0.97246367616268,7467,279101,0.9739433572485413,7575,279920,0.9736517156820118,287636,286712,0.4991956096303983,45812,89013,0.6602113851288708,45490,88102,0.6594855979399964,423302,0,0.0,422456,846,0.0019985731227350687,0,0,0.0,0,0,0.0,0,0,0.0,0,0,0.0,151046,423302,0.7370131000717335
roberta_encoder_layer_2_attention_self_query_bias,bias,768,1,12,1,3,15.108368,1,1,1.0,0,0,0.0,0,0,0.0,0,0,0.0,0,0,0.0,0,0,0.0,0,0,0.0,0,0,0.0,0,0,0.0,0,0,0.0,0,0,0.0,0,0,0.0,0,0,0.0,0,0,0.0
roberta_encoder_layer_2_attention_self_query_weight,weight,589824,288,8,0,1,7.396605,0,288,0.0,320,13216,0.9763593380614657,6547,284306,0.9774903473575999,6388,279047,0.9776201236708882,285557,291012,0.5047305699751461,38077,75786,0.6655893486031459,37958,76075,0.6671314444064438,448974,0,0.0,447813,1161,0.002585895842520948,0,0,0.0,0,0,0.0,0,0,0.0,0,0,0.0,127595,448974,0.7786995138482992
roberta_encoder_layer_2_attention_self_value_bias,bias,768,1,12,0,2,17.750432,1,1,1.0,0,0,0.0,0,0,0.0,0,0,0.0,0,0,0.0,0,0,0.0,0,0,0.0,0,0,0.0,0,0,0.0,0,0,0.0,0,0,0.0,0,0,0.0,0,0,0.0,0,0,0.0
roberta_encoder_layer_2_attention_self_value_weight,weight,589824,288,8,0,1,7.137196,39,288,0.13541666666666666,378,12810,0.9713375796178344,6223,243922,0.9751224289911851,6346,240273,0.9742680004379225,246733,250272,0.5035603263548657,36490,71581,0.6623516021874508,36459,70904,0.6604137365759154,375481,0,0.0,374346,1135,0.0030227894354175047,0,0,0.0,0,0,0.0,0,0,0.0,0,0,0.0,121524,375481,0.7554873693423607
roberta_encoder_layer_2_intermediate_dense_bias,bias,3072,2,12,1,3,14.534122,2,2,1.0,0,0,0.0,0,0,0.0,0,0,0.0,0,0,0.0,0,0,0.0,0,0,0.0,0,0,0.0,0,0,0.0,0,0,0.0,0,0,0.0,0,0,0.0,0,0,0.0,0,0,0.0
roberta_encoder_layer_2_intermediate_dense_weight,weight,2359296,1152,8,0,1,6.417707,8,1152,0.006944444444444444,2027,63664,0.9691434138618684,32482,1177516,0.973155327529467,30066,1037157,0.9718278185533857,1067773,1210564,0.5313366723184498,178282,350501,0.6628446829795965,182669,360712,0.6638288788161529,1671827,0,0.0,1667917,3910,0.002338758735204061,0,0,0.0,0,0,0.0,0,0,0.0,0,0,0.0,606510,1671827,0.733792674218081
roberta_encoder_layer_2_output_LayerNorm_bias,bias,768,1,12,1,2,16.233846,1,1,1.0,0,0,0.0,0,0,0.0,0,0,0.0,0,0,0.0,0,0,0.0,0,0,0.0,0,0,0.0,0,0,0.0,0,0,0.0,0,0,0.0,0,0,0.0,0,0,0.0,0,0,0.0
roberta_encoder_layer_2_output_LayerNorm_weight,weight,768,1,8,1,1,6.354431,0,1,0.0,0,15,1.0,9,373,0.9764397905759162,6,365,0.9838274932614556,371,382,0.5073041168658698,45,84,0.6511627906976745,57,131,0.6968085106382979,568,0,0.0,568,0,0.0,0,0,0.0,0,0,0.0,0,0,0.0,0,0,0.0,185,568,0.7543160690571049
roberta_encoder_layer_2_output_dense_bias,bias,768,1,12,0,3,14.441879,1,1,1.0,0,0,0.0,0,0,0.0,0,0,0.0,0,0,0.0,0,0,0.0,0,0,0.0,0,0,0.0,0,0,0.0,0,0,0.0,0,0,0.0,0,0,0.0,0,0,0.0,0,0,0.0
roberta_encoder_layer_2_output_dense_weight,weight,2359296,1152,8,0,1,6.045908,1,1152,0.0008680555555555555,5508,96634,0.9460750719586458,47591,1081226,0.9578399333107138,47940,1078349,0.9574354361979918,1126847,1129362,0.5005573508482591,267341,493330,0.6485458233585873,268321,495711,0.6488092121795945,1365187,1,7.324998461750323e-07,1364616,572,0.0004189899120121185,0,0,0.0,0,0,0.0,0,0,0.0,0,0,0.0,891021,1365188,0.6050804690522908
roberta_encoder_layer_3_attention_output_LayerNorm_bias,bias,768,1,12,0,3,15.529739,1,1,1.0,0,0,0.0,0,0,0.0,0,0,0.0,0,0,0.0,0,0,0.0,0,0,0.0,0,0,0.0,0,0,0.0,0,0,0.0,0,0,0.0,0,0,0.0,0,0,0.0,0,0,0.0
roberta_encoder_layer_3_attention_output_LayerNorm_weight,weight,768,1,8,1,1,6.594686,0,1,0.0,2,15,0.8823529411764706,6,344,0.9828571428571429,8,393,0.9800498753117207,402,350,0.4654255319148936,41,74,0.6434782608695652,41,87,0.6796875,606,0,0.0,606,0,0.0,0,0,0.0,0,0,0.0,0,0,0.0,0,0,0.0,146,606,0.8058510638297872
roberta_encoder_layer_3_attention_output_dense_bias,bias,768,1,12,2,3,14.789927,1,1,1.0,0,0,0.0,0,0,0.0,0,0,0.0,0,0,0.0,0,0,0.0,0,0,0.0,0,0,0.0,0,0,0.0,0,0,0.0,0,0,0.0,0,0,0.0,0,0,0.0,0,0,0.0
roberta_encoder_layer_3_attention_output_dense_weight,weight,589824,288,8,0,1,6.112265,0,288,0.0,1269,23046,0.9478099938309685,11381,271119,0.9597132743362832,11389,271620,0.9597574635435622,283152,282633,0.49954134521063653,65580,118615,0.6439642769890606,65372,120641,0.6485621972657825,349793,1,2.8588254801397394e-06,349500,294,0.0008404946911610833,0,0,0.0,0,0,0.0,0,0,0.0,0,0,0.0,215991,349794,0.6182454465919033
roberta_encoder_layer_3_attention_self_key_bias,bias,768,1,12,0,1,7.166738,0,1,0.0,0,31,1.0,13,329,0.9619883040935673,17,378,0.9569620253164557,396,342,0.4634146341463415,106,171,0.6173285198555957,99,161,0.6192307692307693,421,0,0.0,419,2,0.004750593824228029,417,4,0.009501187648456057,417,4,0.009501187648456057,0,0,0.0,0,0,0.0,317,421,0.5704607046070461
roberta_encoder_layer_3_attention_self_key_weight,weight,589824,288,8,0,1,7.121941,0,288,0.0,404,15163,0.9740476649322284,7399,279671,0.9742257985857108,7482,279705,0.9739472887003938,287312,287227,0.49992602764999416,43845,85942,0.6621772596639108,44084,86083,0.6613273717608917,427920,0,0.0,427018,902,0.0021078706300243035,0,0,0.0,0,0,0.0,0,0,0.0,0,0,0.0,146619,427920,0.7448058356351788
roberta_encoder_layer_3_attention_self_query_bias,bias,768,1,12,1,3,15.663345,1,1,1.0,0,0,0.0,0,0,0.0,0,0,0.0,0,0,0.0,0,0,0.0,0,0,0.0,0,0,0.0,0,0,0.0,0,0,0.0,0,0,0.0,0,0,0.0,0,0,0.0,0,0,0.0
roberta_encoder_layer_3_attention_self_query_weight,weight,589824,288,8,1,1,7.472628,5,288,0.017361111111111112,331,13076,0.9753114044901917,6376,277518,0.9775409131577278,6419,275864,0.9772604088804497,282423,284035,0.5014228768946682,38486,76586,0.6655485261401557,38375,75755,0.6637606238499956,438086,0,0.0,437100,986,0.0022506996343183757,0,0,0.0,0,0,0.0,0,0,0.0,0,0,0.0,128372,438086,0.7733777261509238
roberta_encoder_layer_3_attention_self_value_bias,bias,768,1,12,0,2,17.55601,1,1,1.0,0,0,0.0,0,0,0.0,0,0,0.0,0,0,0.0,0,0,0.0,0,0,0.0,0,0,0.0,0,0,0.0,0,0,0.0,0,0,0.0,0,0,0.0,0,0,0.0,0,0,0.0
roberta_encoder_layer_3_attention_self_value_weight,weight,589824,288,8,1,1,7.67186,23,288,0.0798611111111111,307,12234,0.9755202934375249,6004,261414,0.9775482577836945,5969,256792,0.9772835390335705,262881,267559,0.5044095467913431,35123,68275,0.6603125785798565,34774,68865,0.6644699389226063,414066,0,0.0,412560,1506,0.0036371013316717623,0,0,0.0,0,0,0.0,0,0,0.0,0,0,0.0,116374,414066,0.7806085513912978
roberta_encoder_layer_3_intermediate_dense_bias,bias,3072,2,12,1,3,15.12365,2,2,1.0,0,0,0.0,0,0,0.0,0,0,0.0,0,0,0.0,0,0,0.0,0,0,0.0,0,0,0.0,0,0,0.0,0,0,0.0,0,0,0.0,0,0,0.0,0,0,0.0,0,0,0.0
roberta_encoder_layer_3_intermediate_dense_weight,weight,2359296,1152,8,1,1,6.931377,8,1152,0.006944444444444444,2175,67340,0.9687117888225563,34298,1172872,0.9715880944688817,31933,1034294,0.9700504676771456,1066715,1207791,0.5310124484173706,187081,364183,0.6606326551343821,193109,378757,0.6623177457656164,1638763,0,0.0,1634991,3772,0.002301736126578401,0,0,0.0,0,0,0.0,0,0,0.0,0,0,0.0,635743,1638763,0.7204918342708263
roberta_encoder_layer_3_output_LayerNorm_bias,bias,768,1,12,1,2,14.584437,1,1,1.0,0,0,0.0,0,0,0.0,0,0,0.0,0,0,0.0,0,0,0.0,0,0,0.0,0,0,0.0,0,0,0.0,0,0,0.0,0,0,0.0,0,0,0.0,0,0,0.0,0,0,0.0
roberta_encoder_layer_3_output_LayerNorm_weight,weight,768,1,8,1,1,6.391866,0,1,0.0,0,21,1.0,13,380,0.9669211195928753,7,347,0.980225988700565,355,393,0.5254010695187166,47,88,0.6518518518518519,54,112,0.6746987951807228,574,0,0.0,574,0,0.0,0,0,0.0,0,0,0.0,0,0,0.0,0,0,0.0,174,574,0.767379679144385
roberta_encoder_layer_3_output_dense_bias,bias,768,1,12,0,3,14.972254,1,1,1.0,0,0,0.0,0,0,0.0,0,0,0.0,0,0,0.0,0,0,0.0,0,0,0.0,0,0,0.0,0,0,0.0,0,0,0.0,0,0,0.0,0,0,0.0,0,0,0.0,0,0,0.0
roberta_encoder_layer_3_output_dense_weight,weight,2359296,1152,8,0,0,6.238565,1,1152,0.0008680555555555555,7496,109782,0.9360834939204283,54451,1068311,0.9515026336837192,54234,1062974,0.9514557718884935,1117770,1123297,0.5012331179746077,298476,542280,0.644990936728373,300500,544763,0.6444893482856815,1244576,1,8.034858429811896e-07,1244235,342,0.00027479215829956686,0,0,0.0,0,0,0.0,0,0,0.0,0,0,0.0,996490,1244577,0.5553501970266842
roberta_encoder_layer_4_attention_output_LayerNorm_bias,bias,768,1,12,0,3,16.493037,1,1,1.0,0,0,0.0,0,0,0.0,0,0,0.0,0,0,0.0,0,0,0.0,0,0,0.0,0,0,0.0,0,0,0.0,0,0,0.0,0,0,0.0,0,0,0.0,0,0,0.0,0,0,0.0
roberta_encoder_layer_4_attention_output_LayerNorm_weight,weight,768,1,8,1,1,6.435898,0,1,0.0,0,16,1.0,8,366,0.9786096256684492,7,371,0.9814814814814815,378,375,0.49800796812749004,38,77,0.6695652173913044,44,126,0.7411764705882353,602,0,0.0,602,0,0.0,0,0,0.0,0,0,0.0,0,0,0.0,0,0,0.0,151,602,0.799468791500664
roberta_encoder_layer_4_attention_output_dense_bias,bias,768,1,12,0,3,15.373545,1,1,1.0,0,0,0.0,0,0,0.0,0,0,0.0,0,0,0.0,0,0,0.0,0,0,0.0,0,0,0.0,0,0,0.0,0,0,0.0,0,0,0.0,0,0,0.0,0,0,0.0,0,0,0.0
roberta_encoder_layer_4_attention_output_dense_weight,weight,589824,288,8,0,1,6.248959,0,288,0.0,1298,22493,0.9454415535286453,11211,271688,0.9603710158042269,11011,272123,0.9611102870019143,283269,283035,0.4997933971859637,63108,116298,0.6482391893247718,63459,116685,0.6477318145483613,356237,1,2.80711209921457e-06,355912,326,0.0009151185443439498,0,0,0.0,0,0,0.0,0,0,0.0,0,0,0.0,210066,356238,0.6290578911679946
roberta_encoder_layer_4_attention_self_key_bias,bias,768,1,12,1,1,8.200282,0,1,0.0,0,29,1.0,15,415,0.9651162790697675,13,296,0.9579288025889967,309,431,0.5824324324324325,63,115,0.6460674157303371,80,186,0.6992481203007519,476,0,0.0,470,6,0.012605042016806723,469,7,0.014705882352941176,469,7,0.014705882352941176,0,0,0.0,0,0,0.0,264,476,0.6432432432432432
roberta_encoder_layer_4_attention_self_key_weight,weight,589824,288,8,0,1,7.344355,9,288,0.03125,353,14187,0.9757221458046768,6947,271252,0.9750286665300738,6969,271684,0.9749904002469021,278770,278353,0.4996257558923254,40996,80371,0.6622146052880932,41014,80178,0.6615783220014523,420947,0,0.0,420112,835,0.0019836226413301435,0,0,0.0,0,0,0.0,0,0,0.0,0,0,0.0,136176,420947,0.755572826826392
roberta_encoder_layer_4_attention_self_query_bias,bias,768,1,12,0,3,14.930227,1,1,1.0,0,0,0.0,0,0,0.0,0,0,0.0,0,0,0.0,0,0,0.0,0,0,0.0,0,0,0.0,0,0,0.0,0,0,0.0,0,0,0.0,0,0,0.0,0,0,0.0,0,0,0.0
roberta_encoder_layer_4_attention_self_query_weight,weight,589824,288,8,0,1,7.789494,65,288,0.22569444444444445,257,9868,0.9746172839506173,4749,218452,0.9787232136056738,4897,218481,0.9780775188245933,223479,223322,0.49982430657048665,28006,55485,0.6645626474709849,28337,56279,0.6651106173773281,352568,0,0.0,351606,962,0.00272855165528352,0,0,0.0,0,0,0.0,0,0,0.0,0,0,0.0,94233,352568,0.7890940261995832
roberta_encoder_layer_4_attention_self_value_bias,bias,768,1,12,2,3,14.293315,1,1,1.0,0,0,0.0,0,0,0.0,0,0,0.0,0,0,0.0,0,0,0.0,0,0,0.0,0,0,0.0,0,0,0.0,0,0,0.0,0,0,0.0,0,0,0.0,0,0,0.0,0,0,0.0
roberta_encoder_layer_4_attention_self_value_weight,weight,589824,288,8,1,1,7.064358,106,288,0.3680555555555556,211,8667,0.9762333858977247,4268,179265,0.9767453264535533,4219,176106,0.9766033550533758,180412,183626,0.5044143743235596,24822,48532,0.6616135452736047,24881,48633,0.6615474603476889,281077,0,0.0,279770,1307,0.004649971360161095,0,0,0.0,0,0,0.0,0,0,0.0,0,0,0.0,82961,281077,0.7721089556584753
roberta_encoder_layer_4_intermediate_dense_bias,bias,3072,2,12,0,3,14.951015,2,2,1.0,0,0,0.0,0,0,0.0,0,0,0.0,0,0,0.0,0,0,0.0,0,0,0.0,0,0,0.0,0,0,0.0,0,0,0.0,0,0,0.0,0,0,0.0,0,0,0.0,0,0,0.0
roberta_encoder_layer_4_intermediate_dense_weight,weight,2359296,1152,8,1,1,6.80892,8,1152,0.006944444444444444,2340,69856,0.9675882320350158,35720,1167978,0.9703247824620461,33028,1033990,0.9690464453270704,1067530,1204294,0.5301000429610745,196396,382527,0.6607562663773939,202096,395759,0.6619648576996094,1604689,0,0.0,1601868,2821,0.0017579730402588912,0,0,0.0,0,0,0.0,0,0,0.0,0,0,0.0,667135,1604689,0.7063438893153695
roberta_encoder_layer_4_output_LayerNorm_bias,bias,768,1,12,1,2,13.629013,1,1,1.0,0,0,0.0,0,0,0.0,0,0,0.0,0,0,0.0,0,0,0.0,0,0,0.0,0,0,0.0,0,0,0.0,0,0,0.0,0,0,0.0,0,0,0.0,0,0,0.0,0,0,0.0
roberta_encoder_layer_4_output_LayerNorm_weight,weight,768,1,8,1,1,6.290604,0,1,0.0,0,20,1.0,11,375,0.9715025906735751,8,354,0.9779005524861878,362,387,0.5166889185580774,40,84,0.6774193548387096,63,110,0.6358381502890174,574,0,0.0,574,0,0.0,0,0,0.0,0,0,0.0,0,0,0.0,0,0,0.0,175,574,0.7663551401869159
roberta_encoder_layer_4_output_dense_bias,bias,768,1,12,2,3,15.129028,1,1,1.0,0,0,0.0,0,0,0.0,0,0,0.0,0,0,0.0,0,0,0.0,0,0,0.0,0,0,0.0,0,0,0.0,0,0,0.0,0,0,0.0,0,0,0.0,0,0,0.0,0,0,0.0
roberta_encoder_layer_4_output_dense_weight,weight,2359296,1152,8,0,1,6.030277,1,1152,0.0008680555555555555,7488,110032,0.9362831858407079,54737,1066050,0.9511619959903175,54213,1064728,0.9515497242481954,1119485,1121325,0.5004105658221804,299472,542360,0.6442615628771536,300632,542776,0.6435509267163698,1241892,0,0.0,1241641,251,0.00020211097261275536,0,0,0.0,0,0,0.0,0,0,0.0,0,0,0.0,998918,1241892,0.5542156630861161
roberta_encoder_layer_5_attention_output_LayerNorm_bias,bias,768,1,12,1,2,13.638601,1,1,1.0,0,0,0.0,0,0,0.0,0,0,0.0,0,0,0.0,0,0,0.0,0,0,0.0,0,0,0.0,0,0,0.0,0,0,0.0,0,0,0.0,0,0,0.0,0,0,0.0,0,0,0.0
roberta_encoder_layer_5_attention_output_LayerNorm_weight,weight,768,1,8,1,1,6.328578,0,1,0.0,1,21,0.9545454545454546,7,355,0.9806629834254144,13,371,0.9661458333333334,384,363,0.4859437751004016,44,67,0.6036036036036037,52,131,0.7158469945355191,597,0,0.0,597,0,0.0,0,0,0.0,0,0,0.0,0,0,0.0,0,0,0.0,150,597,0.7991967871485943
roberta_encoder_layer_5_attention_output_dense_bias,bias,768,1,12,1,3,15.617508,1,1,1.0,0,0,0.0,0,0,0.0,0,0,0.0,0,0,0.0,0,0,0.0,0,0,0.0,0,0,0.0,0,0,0.0,0,0,0.0,0,0,0.0,0,0,0.0,0,0,0.0,0,0,0.0
roberta_encoder_layer_5_attention_output_dense_weight,weight,589824,288,8,0,1,6.131964,0,288,0.0,1428,23520,0.9427609427609428,11697,270974,0.9586197381408068,11548,270657,0.959079392640102,282323,282828,0.5004467832490785,66148,120304,0.6452277261708107,66211,120688,0.6457391425315278,346798,4,1.1533958858368752e-05,346577,225,0.0006487851857832423,0,0,0.0,0,0,0.0,0,0,0.0,0,0,0.0,218349,346802,0.6136448488987899
roberta_encoder_layer_5_attention_self_key_bias,bias,768,1,12,1,1,7.171982,0,1,0.0,19,93,0.8303571428571429,69,362,0.839907192575406,24,201,0.8933333333333333,225,431,0.6570121951219512,94,118,0.5566037735849056,241,252,0.5111561866125761,104,0,0.0,99,5,0.04807692307692308,97,7,0.0673076923076923,92,12,0.11538461538461539,0,0,0.0,0,0,0.0,552,104,0.15853658536585366
roberta_encoder_layer_5_attention_self_key_weight,weight,589824,288,8,0,1,7.081511,0,288,0.0,384,15219,0.9753893482022687,7483,279464,0.9739220134728713,7454,279820,0.9740526466021986,287421,287082,0.49970496237617557,44523,86746,0.6608262422963533,44836,86746,0.6592543053001171,426213,0,0.0,425657,556,0.0013045120632172178,0,0,0.0,0,0,0.0,0,0,0.0,0,0,0.0,148290,426213,0.7418812434399821
roberta_encoder_layer_5_attention_self_query_bias,bias,768,1,12,0,3,14.924962,1,1,1.0,0,0,0.0,0,0,0.0,0,0,0.0,0,0,0.0,0,0,0.0,0,0,0.0,0,0,0.0,0,0,0.0,0,0,0.0,0,0,0.0,0,0,0.0,0,0,0.0,0,0,0.0
roberta_encoder_layer_5_attention_self_query_weight,weight,589824,288,8,0,1,7.892157,9,288,0.03125,336,12963,0.974734942476878,6362,274089,0.9773151103044738,6331,271311,0.9771972540177639,277777,280586,0.5025153887345687,37400,73357,0.662323826033569,37557,74162,0.6638262068224743,433253,0,0.0,432294,959,0.00221348726956305,0,0,0.0,0,0,0.0,0,0,0.0,0,0,0.0,125110,433253,0.775934293640517
roberta_encoder_layer_5_attention_self_value_bias,bias,768,1,12,2,3,14.260951,1,1,1.0,0,0,0.0,0,0,0.0,0,0,0.0,0,0,0.0,0,0,0.0,0,0,0.0,0,0,0.0,0,0,0.0,0,0,0.0,0,0,0.0,0,0,0.0,0,0,0.0,0,0,0.0
roberta_encoder_layer_5_attention_self_value_weight,weight,589824,288,8,0,1,8.468637,161,288,0.5590277777777778,146,5796,0.9754291484348704,2791,124832,0.9781309011698518,2880,123651,0.977238779429547,126599,127680,0.5021256179236193,16654,32633,0.6621015683648832,16688,32711,0.6621793963440555,198408,0,0.0,197111,1297,0.006537034796983992,0,0,0.0,0,0,0.0,0,0,0.0,0,0,0.0,55871,198408,0.7802767825892032
roberta_encoder_layer_5_intermediate_dense_bias,bias,3072,2,12,0,3,14.713303,2,2,1.0,0,0,0.0,0,0,0.0,0,0,0.0,0,0,0.0,0,0,0.0,0,0,0.0,0,0,0.0,0,0,0.0,0,0,0.0,0,0,0.0,0,0,0.0,0,0,0.0,0,0,0.0
roberta_encoder_layer_5_intermediate_dense_weight,weight,2359296,1152,8,0,1,6.302322,5,1152,0.004340277777777778,2308,70575,0.9683328073762058,36157,1169266,0.9700047203346875,33303,1037447,0.968897501751109,1071309,1205979,0.5295680651722575,195560,379021,0.6596476388881637,203222,399346,0.6627401388722932,1610396,0,0.0,1608495,1901,0.0011804549936785735,0,0,0.0,0,0,0.0,0,0,0.0,0,0,0.0,666892,1610396,0.7071551775620826
roberta_encoder_layer_5_output_LayerNorm_bias,bias,768,1,12,1,2,12.393656,1,1,1.0,0,0,0.0,0,0,0.0,0,0,0.0,0,0,0.0,0,0,0.0,0,0,0.0,0,0,0.0,0,0,0.0,0,0,0.0,0,0,0.0,0,0,0.0,0,0,0.0,0,0,0.0
roberta_encoder_layer_5_output_LayerNorm_weight,weight,768,1,8,1,1,6.211004,0,1,0.0,1,18,0.9473684210526315,9,392,0.9775561097256857,8,340,0.9770114942528736,348,402,0.536,42,83,0.664,52,139,0.7277486910994765,574,0,0.0,574,0,0.0,0,0,0.0,0,0,0.0,0,0,0.0,0,0,0.0,176,574,0.7653333333333333
roberta_encoder_layer_5_output_dense_bias,bias,768,1,12,2,3,14.997238,1,1,1.0,0,0,0.0,0,0,0.0,0,0,0.0,0,0,0.0,0,0,0.0,0,0,0.0,0,0,0.0,0,0,0.0,0,0,0.0,0,0,0.0,0,0,0.0,0,0,0.0,0,0,0.0
roberta_encoder_layer_5_output_dense_weight,weight,2359296,1152,8,0,1,6.154964,1,1152,0.0008680555555555555,7409,107499,0.9355223309082048,53183,1068472,0.9525852423427881,53213,1067472,0.9525174335339547,1121228,1122215,0.5002199743875819,292809,529247,0.6438089375906264,294022,530803,0.6435340829873003,1268107,1,7.885763673125633e-07,1267731,377,0.00029729329047683634,0,0,0.0,0,0,0.0,0,0,0.0,0,0,0.0,975335,1268108,0.565250822062339
roberta_encoder_layer_6_attention_output_LayerNorm_bias,bias,768,1,12,1,2,11.26592,0,1,0.0,0,5,1.0,2,399,0.9950124688279302,2,360,0.994475138121547,362,402,0.5261780104712042,14,23,0.6216216216216216,14,35,0.7142857142857143,715,0,0.0,712,3,0.004195804195804196,707,8,0.011188811188811189,705,10,0.013986013986013986,0,0,0.0,0,0,0.0,49,715,0.9358638743455497
roberta_encoder_layer_6_attention_output_LayerNorm_weight,weight,768,1,8,1,1,6.301819,0,1,0.0,0,17,1.0,8,359,0.9782016348773842,8,376,0.9791666666666666,384,368,0.48936170212765956,47,94,0.6666666666666666,60,112,0.6511627906976745,582,0,0.0,581,1,0.001718213058419244,0,0,0.0,0,0,0.0,0,0,0.0,0,0,0.0,170,582,0.773936170212766
roberta_encoder_layer_6_attention_output_dense_bias,bias,768,1,12,0,3,14.724162,1,1,1.0,0,0,0.0,0,0,0.0,0,0,0.0,0,0,0.0,0,0,0.0,0,0,0.0,0,0,0.0,0,0,0.0,0,0,0.0,0,0,0.0,0,0,0.0,0,0,0.0,0,0,0.0
roberta_encoder_layer_6_attention_output_dense_weight,weight,589824,288,8,0,1,6.184547,1,288,0.003472222222222222,1144,21849,0.9502457269603792,10839,271568,0.9616192233195353,10732,271644,0.9619939371617985,282502,282559,0.500050437032462,62635,116744,0.6508231175332676,63026,116433,0.6488000044578427,356981,0,0.0,356848,133,0.00037256884820200515,0,0,0.0,0,0,0.0,0,0,0.0,0,0,0.0,208080,356981,0.6317565714144137
roberta_encoder_layer_6_attention_self_key_bias,bias,768,1,12,1,1,6.176992,0,1,0.0,0,2,1.0,0,739,1.0,1,26,0.9629629629629629,27,740,0.9647979139504563,3,0,0.0,14,79,0.8494623655913979,731,0,0.0,726,5,0.006839945280437756,724,7,0.009575923392612859,723,8,0.01094391244870041,0,0,0.0,0,0,0.0,36,731,0.9530638852672751
roberta_encoder_layer_6_attention_self_key_weight,weight,589824,288,8,0,1,6.532034,0,288,0.0,430,15365,0.9727761949984172,7457,279313,0.9739965826271926,7626,279633,0.9734525289024887,287395,286916,0.49958297856039674,45173,87465,0.6594264087214825,44997,87130,0.6594412951175763,425173,0,0.0,424576,597,0.0014041343170897494,0,0,0.0,0,0,0.0,0,0,0.0,0,0,0.0,149138,425173,0.7403183989162666
roberta_encoder_layer_6_attention_self_query_bias,bias,768,1,12,0,3,14.901871,1,1,1.0,0,0,0.0,0,0,0.0,0,0,0.0,0,0,0.0,0,0,0.0,0,0,0.0,0,0,0.0,0,0,0.0,0,0,0.0,0,0,0.0,0,0,0.0,0,0,0.0,0,0,0.0
roberta_encoder_layer_6_attention_self_query_weight,weight,589824,288,8,0,1,6.983669,11,288,0.03819444444444445,319,13164,0.9763405770229178,6324,271269,0.9772184457100863,6565,269655,0.9762327130548114,276372,277716,0.5012128037423659,37791,74922,0.6647148066327753,37899,74513,0.6628562786891079,428074,0,0.0,427069,1005,0.0023477249260641852,0,0,0.0,0,0,0.0,0,0,0.0,0,0,0.0,126014,428074,0.7725740315617736
roberta_encoder_layer_6_attention_self_value_bias,bias,768,1,12,1,2,16.595922,1,1,1.0,0,0,0.0,0,0,0.0,0,0,0.0,0,0,0.0,0,0,0.0,0,0,0.0,0,0,0.0,0,0,0.0,0,0,0.0,0,0,0.0,0,0,0.0,0,0,0.0,0,0,0.0
roberta_encoder_layer_6_attention_self_value_weight,weight,589824,288,8,1,1,8.396748,137,288,0.4756944444444444,146,6993,0.9795489564364757,3403,148765,0.9776365595920299,3441,146500,0.977050973382864,150021,152237,0.5036657425113644,19010,37722,0.6649157442008038,19393,37841,0.6611629451025615,237963,0,0.0,236755,1208,0.005076419443358841,0,0,0.0,0,0,0.0,0,0,0.0,0,0,0.0,64295,237963,0.7872843729529078
roberta_encoder_layer_6_intermediate_dense_bias,bias,3072,2,12,0,3,14.998508,2,2,1.0,0,0,0.0,0,0,0.0,0,0,0.0,0,0,0.0,0,0,0.0,0,0,0.0,0,0,0.0,0,0,0.0,0,0,0.0,0,0,0.0,0,0,0.0,0,0,0.0,0,0,0.0
roberta_encoder_layer_6_intermediate_dense_weight,weight,2359296,1152,8,1,1,6.32868,8,1152,0.006944444444444444,2345,69226,0.9672353327465034,35578,1169077,0.9704662330708792,32550,1034136,0.9694849280856784,1067203,1205236,0.5303711122718806,191921,372780,0.6601369574341112,199228,391115,0.6625216187877218,1618387,0,0.0,1615650,2737,0.0016911900552834397,0,0,0.0,0,0,0.0,0,0,0.0,0,0,0.0,654052,1618387,0.7121806129889515
roberta_encoder_layer_6_output_LayerNorm_bias,bias,768,1,12,1,2,11.166534,0,1,0.0,0,1,1.0,0,428,1.0,0,339,1.0,339,429,0.55859375,14,36,0.72,11,25,0.6944444444444444,719,1,0.001388888888888889,718,2,0.002777777777777778,710,10,0.013888888888888888,707,13,0.018055555555555554,0,0,0.0,0,0,0.0,48,720,0.9375
roberta_encoder_layer_6_output_LayerNorm_weight,weight,768,1,8,1,1,6.419795,0,1,0.0,0,11,1.0,7,384,0.9820971867007673,3,363,0.9918032786885246,366,392,0.5171503957783641,48,97,0.6689655172413793,57,132,0.6984126984126984,582,0,0.0,582,0,0.0,0,0,0.0,0,0,0.0,0,0,0.0,0,0,0.0,176,582,0.7678100263852242
roberta_encoder_layer_6_output_dense_bias,bias,768,1,12,2,3,14.774475,1,1,1.0,0,0,0.0,0,0,0.0,0,0,0.0,0,0,0.0,0,0,0.0,0,0,0.0,0,0,0.0,0,0,0.0,0,0,0.0,0,0,0.0,0,0,0.0,0,0,0.0,0,0,0.0
roberta_encoder_layer_6_output_dense_weight,weight,2359296,1152,8,0,1,6.033705,1,1152,0.0008680555555555555,7483,112115,0.9374320640813392,55423,1064137,0.95049573046554,55611,1062479,0.9502625012297757,1118616,1120115,0.5003347878775968,303646,546433,0.6428026101103544,304684,548811,0.6430160692212609,1227826,0,0.0,1227477,349,0.0002842422297621976,0,0,0.0,0,0,0.0,0,0,0.0,0,0,0.0,1010905,1227826,0.5484473123389992
roberta_encoder_layer_7_attention_output_LayerNorm_bias,bias,768,1,12,1,2,12.151342,1,1,1.0,0,0,0.0,0,0,0.0,0,0,0.0,0,0,0.0,0,0,0.0,0,0,0.0,0,0,0.0,0,0,0.0,0,0,0.0,0,0,0.0,0,0,0.0,0,0,0.0,0,0,0.0
roberta_encoder_layer_7_attention_output_LayerNorm_weight,weight,768,1,8,1,1,6.339076,0,1,0.0,0,14,1.0,6,346,0.9829545454545454,7,395,0.9825870646766169,402,353,0.4675496688741722,53,83,0.6102941176470589,60,133,0.689119170984456,570,0,0.0,570,0,0.0,0,0,0.0,0,0,0.0,0,0,0.0,0,0,0.0,185,570,0.7549668874172185
roberta_encoder_layer_7_attention_output_dense_bias,bias,768,1,12,0,3,14.940826,1,1,1.0,0,0,0.0,0,0,0.0,0,0,0.0,0,0,0.0,0,0,0.0,0,0,0.0,0,0,0.0,0,0,0.0,0,0,0.0,0,0,0.0,0,0,0.0,0,0,0.0,0,0,0.0
roberta_encoder_layer_7_attention_output_dense_weight,weight,589824,288,8,2,1,6.390604,0,288,0.0,1659,26166,0.940377358490566,12848,268234,0.9542909186643044,13041,267876,0.9535770352096883,281068,281208,0.50012449402073,72703,132025,0.6448800359501388,73247,132188,0.6434541339109694,321065,0,0.0,320950,115,0.00035818292246118385,0,0,0.0,0,0,0.0,0,0,0.0,0,0,0.0,241211,321065,0.5710096109384004
roberta_encoder_layer_7_attention_self_key_bias,bias,768,1,12,0,1,7.021784,0,1,0.0,160,186,0.5375722543352601,110,112,0.5045045045045045,75,125,0.625,201,222,0.524822695035461,40,14,0.25925925925925924,41,12,0.22641509433962265,50,0,0.0,43,7,0.14,39,11,0.22,44,6,0.12,0,0,0.0,0,0,0.0,373,50,0.1182033096926714
roberta_encoder_layer_7_attention_self_key_weight,weight,589824,288,8,0,1,7.174318,0,288,0.0,349,14201,0.9760137457044673,6922,280989,0.9759578480849985,7001,280362,0.9756370861941168,287514,288038,0.5004552151673524,42072,81574,0.6597382851042493,41677,81724,0.6622636769556163,436393,0,0.0,434785,1608,0.003684752046893511,0,0,0.0,0,0,0.0,0,0,0.0,0,0,0.0,139159,436393,0.7582164600244635
roberta_encoder_layer_7_attention_self_query_bias,bias,768,1,12,0,3,14.350739,1,1,1.0,0,0,0.0,0,0,0.0,0,0,0.0,0,0,0.0,0,0,0.0,0,0,0.0,0,0,0.0,0,0,0.0,0,0,0.0,0,0,0.0,0,0,0.0,0,0,0.0,0,0,0.0
roberta_encoder_layer_7_attention_self_query_weight,weight,589824,288,8,0,1,7.537582,46,288,0.1597222222222222,227,10551,0.9789385785860085,5222,237796,0.9785118797784527,5091,236729,0.9789471507733024,241946,243130,0.5012204273144827,30636,61327,0.6668660222045822,30351,60947,0.6675611733006199,382609,0,0.0,381560,1049,0.0027417023645549374,0,0,0.0,0,0,0.0,0,0,0.0,0,0,0.0,102467,382609,0.78876093643058
roberta_encoder_layer_7_attention_self_value_bias,bias,768,1,12,1,2,16.812597,1,1,1.0,0,0,0.0,0,0,0.0,0,0,0.0,0,0,0.0,0,0,0.0,0,0,0.0,0,0,0.0,0,0,0.0,0,0,0.0,0,0,0.0,0,0,0.0,0,0,0.0,0,0,0.0
roberta_encoder_layer_7_attention_self_value_weight,weight,589824,288,8,0,1,6.484177,62,288,0.2152777777777778,333,11943,0.9728739002932552,5837,222498,0.9744366829439202,5886,216351,0.9735147612683757,222344,228448,0.5067703064828125,32957,63907,0.6597600759828213,33282,64393,0.6592577425134374,340159,0,0.0,338792,1367,0.004018708897897748,0,0,0.0,0,0,0.0,0,0,0.0,0,0,0.0,110633,340159,0.754580826634013
roberta_encoder_layer_7_intermediate_dense_bias,bias,3072,2,12,0,3,15.154446,2,2,1.0,0,0,0.0,0,0,0.0,0,0,0.0,0,0,0.0,0,0,0.0,0,0,0.0,0,0,0.0,0,0,0.0,0,0,0.0,0,0,0.0,0,0,0.0,0,0,0.0,0,0,0.0
roberta_encoder_layer_7_intermediate_dense_weight,weight,2359296,1152,8,0,1,6.494814,7,1152,0.006076388888888889,2178,67820,0.9688848252807223,34267,1157120,0.9712377254410196,32433,1051142,0.9700685231755993,1084093,1191989,0.5237021337544078,191992,374880,0.6613133123527004,194433,382211,0.6628196946469572,1629281,0,0.0,1626576,2705,0.001660241542128092,0,0,0.0,0,0,0.0,0,0,0.0,0,0,0.0,646801,1629281,0.7158270220492935
roberta_encoder_layer_7_output_LayerNorm_bias,bias,768,1,12,1,2,11.05722,0,1,0.0,0,10,1.0,6,416,0.985781990521327,3,333,0.9910714285714286,336,423,0.5573122529644269,31,71,0.696078431372549,17,26,0.6046511627906976,684,0,0.0,681,3,0.0043859649122807015,674,10,0.014619883040935672,671,13,0.019005847953216373,0,0,0.0,0,0,0.0,75,684,0.9011857707509882
roberta_encoder_layer_7_output_LayerNorm_weight,weight,768,1,8,1,1,6.169724,0,1,0.0,0,19,1.0,12,383,0.9696202531645569,6,348,0.9830508474576272,354,396,0.528,49,105,0.6818181818181818,80,151,0.6536796536796536,536,0,0.0,536,0,0.0,0,0,0.0,0,0,0.0,0,0,0.0,0,0,0.0,214,536,0.7146666666666667
roberta_encoder_layer_7_output_dense_bias,bias,768,1,12,2,3,14.506393,1,1,1.0,0,0,0.0,0,0,0.0,0,0,0.0,0,0,0.0,0,0,0.0,0,0,0.0,0,0,0.0,0,0,0.0,0,0,0.0,0,0,0.0,0,0,0.0,0,0,0.0,0,0,0.0
roberta_encoder_layer_7_output_dense_weight,weight,2359296,1152,8,0,0,6.313595,2,1152,0.001736111111111111,8777,118859,0.931234134570184,58621,1054998,0.94735991393825,59160,1054785,0.9468914533482353,1114474,1114168,0.49993134832781577,320727,576502,0.6425360749596815,320694,574872,0.6419091390249295,1161809,0,0.0,1161577,232,0.00019968858908822363,0,0,0.0,0,0,0.0,0,0,0.0,0,0,0.0,1066833,1161809,0.5213080431940168
roberta_encoder_layer_8_attention_output_LayerNorm_bias,bias,768,1,12,1,2,10.378443,0,1,0.0,0,14,1.0,4,391,0.9898734177215189,9,350,0.9749303621169917,360,395,0.5231788079470199,15,36,0.7058823529411765,14,21,0.6,702,0,0.0,701,1,0.0014245014245014246,696,6,0.008547008547008548,694,8,0.011396011396011397,0,0,0.0,0,0,0.0,53,702,0.9298013245033112
roberta_encoder_layer_8_attention_output_LayerNorm_weight,weight,768,1,8,1,1,6.216263,0,1,0.0,0,20,1.0,10,343,0.9716713881019831,9,386,0.9772151898734177,395,354,0.472630173564753,52,88,0.6285714285714286,63,124,0.6631016042780749,562,0,0.0,562,0,0.0,0,0,0.0,0,0,0.0,0,0,0.0,0,0,0.0,187,562,0.7503337783711616
roberta_encoder_layer_8_attention_output_dense_bias,bias,768,1,12,0,3,15.280533,1,1,1.0,0,0,0.0,0,0,0.0,0,0,0.0,0,0,0.0,0,0,0.0,0,0,0.0,0,0,0.0,0,0,0.0,0,0,0.0,0,0,0.0,0,0,0.0,0,0,0.0,0,0,0.0
roberta_encoder_layer_8_attention_output_dense_weight,weight,589824,288,8,0,1,6.137501,0,288,0.0,1207,23051,0.9502432187319647,11361,271452,0.9598285793085891,11417,271336,0.9596220022422397,282882,282957,0.5000662732685446,66565,124414,0.6514538247660737,66454,124678,0.6523135843291548,345242,0,0.0,345119,123,0.0003562718325116875,0,0,0.0,0,0,0.0,0,0,0.0,0,0,0.0,220597,345242,0.6101417541031989
roberta_encoder_layer_8_attention_self_key_bias,bias,768,1,12,1,2,6.904526,0,1,0.0,0,1,1.0,0,737,1.0,0,30,1.0,30,738,0.9609375,3,4,0.5714285714285714,5,10,0.6666666666666666,759,0,0.0,755,4,0.005270092226613966,740,19,0.025032938076416336,748,11,0.014492753623188406,0,0,0.0,0,0,0.0,9,759,0.98828125
roberta_encoder_layer_8_attention_self_key_weight,weight,589824,288,8,0,1,6.484688,0,288,0.0,386,14244,0.9736158578263842,7050,280803,0.9755083323779846,6913,280428,0.9759414771995643,287475,288000,0.5004561449237587,42022,82485,0.6624928718867212,41854,82319,0.6629379977934011,436053,0,0.0,435274,779,0.0017864800838430191,0,0,0.0,0,0,0.0,0,0,0.0,0,0,0.0,139422,436053,0.7577270950084712
roberta_encoder_layer_8_attention_self_query_bias,bias,768,1,12,1,3,14.924505,1,1,1.0,0,0,0.0,0,0,0.0,0,0,0.0,0,0,0.0,0,0,0.0,0,0,0.0,0,0,0.0,0,0,0.0,0,0,0.0,0,0,0.0,0,0,0.0,0,0,0.0,0,0,0.0
roberta_encoder_layer_8_attention_self_query_weight,weight,589824,288,8,0,1,7.075453,16,288,0.05555555555555555,233,11168,0.9795631962108587,5473,267563,0.979955024245887,5426,267193,0.9800967650824044,272763,273161,0.5003645196034613,32210,65022,0.6687304591081126,32517,64566,0.6650597941967182,437337,0,0.0,436091,1246,0.0028490614789052834,0,0,0.0,0,0,0.0,0,0,0.0,0,0,0.0,108587,437337,0.8010950242158249
roberta_encoder_layer_8_attention_self_value_bias,bias,768,1,12,2,3,15.123088,1,1,1.0,0,0,0.0,0,0,0.0,0,0,0.0,0,0,0.0,0,0,0.0,0,0,0.0,0,0,0.0,0,0,0.0,0,0,0.0,0,0,0.0,0,0,0.0,0,0,0.0,0,0,0.0
roberta_encoder_layer_8_attention_self_value_weight,weight,589824,288,8,1,1,7.804634,34,288,0.11805555555555555,255,11511,0.9783273839877613,5674,251442,0.9779321395790227,5586,245724,0.977772472245434,251447,257230,0.5056843537254486,32876,64698,0.6630659806915776,33094,65343,0.6638052764712455,398541,0,0.0,397059,1482,0.0037185634602211566,0,0,0.0,0,0,0.0,0,0,0.0,0,0,0.0,110136,398541,0.7834853944644637
roberta_encoder_layer_8_intermediate_dense_bias,bias,3072,2,12,0,3,14.891094,2,2,1.0,0,0,0.0,0,0,0.0,0,0,0.0,0,0,0.0,0,0,0.0,0,0,0.0,0,0,0.0,0,0,0.0,0,0,0.0,0,0,0.0,0,0,0.0,0,0,0.0,0,0,0.0
roberta_encoder_layer_8_intermediate_dense_weight,weight,2359296,1152,8,0,1,6.443937,13,1152,0.011284722222222222,2088,65621,0.9691621497880636,32906,1157072,0.972347387934903,31606,1043379,0.9705986595161793,1075493,1190579,0.5253932796486608,185526,362606,0.6615304342749556,187619,369138,0.6630145647023746,1642000,0,0.0,1639492,2508,0.0015274056029232644,0,0,0.0,0,0,0.0,0,0,0.0,0,0,0.0,624072,1642000,0.7246018661366452
roberta_encoder_layer_8_output_LayerNorm_bias,bias,768,1,12,1,2,10.038066,0,1,0.0,0,7,1.0,5,391,0.9873737373737373,1,364,0.9972602739726028,366,396,0.5196850393700787,14,32,0.6956521739130435,17,32,0.6530612244897959,708,0,0.0,702,6,0.00847457627118644,697,11,0.015536723163841809,699,9,0.012711864406779662,0,0,0.0,0,0,0.0,54,708,0.9291338582677166
roberta_encoder_layer_8_output_LayerNorm_weight,weight,768,1,8,1,1,5.937139,0,1,0.0,1,21,0.9545454545454546,10,379,0.974293059125964,10,347,0.9719887955182073,357,390,0.5220883534136547,68,121,0.6402116402116402,86,145,0.6277056277056277,497,0,0.0,497,0,0.0,0,0,0.0,0,0,0.0,0,0,0.0,0,0,0.0,250,497,0.6653279785809906
roberta_encoder_layer_8_output_dense_bias,bias,768,1,12,1,2,19.542887,1,1,1.0,0,0,0.0,0,0,0.0,0,0,0.0,0,0,0.0,0,0,0.0,0,0,0.0,0,0,0.0,0,0,0.0,0,0,0.0,0,0,0.0,0,0,0.0,0,0,0.0,0,0,0.0
roberta_encoder_layer_8_output_dense_weight,weight,2359296,1152,8,0,1,6.018902,1,1152,0.0008680555555555555,7304,110094,0.9377842893405339,54886,1064305,0.9509592196506227,54113,1066546,0.9517132330173586,1121204,1119741,0.4996735752104581,301627,547598,0.6448208660837823,302090,549445,0.6452406536431268,1237150,0,0.0,1236910,240,0.00019399426100311199,0,0,0.0,0,0,0.0,0,0,0.0,0,0,0.0,1003795,1237150,0.5520662042129548
roberta_encoder_layer_9_attention_output_LayerNorm_bias,bias,768,1,12,1,2,9.636963,0,1,0.0,0,8,1.0,6,389,0.9848101265822785,1,364,0.9972602739726028,366,395,0.519053876478318,19,38,0.6666666666666666,20,29,0.5918367346938775,694,0,0.0,692,2,0.002881844380403458,692,2,0.002881844380403458,688,6,0.008645533141210375,0,0,0.0,0,0,0.0,67,694,0.911957950065703
roberta_encoder_layer_9_attention_output_LayerNorm_weight,weight,768,1,8,1,1,5.984645,0,1,0.0,2,20,0.9090909090909091,9,350,0.9749303621169917,10,377,0.9741602067183462,387,360,0.4819277108433735,73,138,0.6540284360189573,69,131,0.655,520,0,0.0,520,0,0.0,0,0,0.0,0,0,0.0,0,0,0.0,0,0,0.0,227,520,0.6961178045515395
roberta_encoder_layer_9_attention_output_dense_bias,bias,768,1,12,0,3,14.554916,1,1,1.0,0,0,0.0,0,0,0.0,0,0,0.0,0,0,0.0,0,0,0.0,0,0,0.0,0,0,0.0,0,0,0.0,0,0,0.0,0,0,0.0,0,0,0.0,0,0,0.0,0,0,0.0
roberta_encoder_layer_9_attention_output_dense_weight,weight,589824,288,8,2,1,6.422028,0,288,0.0,1126,23369,0.954031434986732,11580,271436,0.9590835853803319,11514,270799,0.9592154806898726,282458,283146,0.500608199376242,67339,128188,0.6556025510543301,67598,128408,0.655122802363193,340704,0,0.0,340601,103,0.00030231520616136,0,0,0.0,0,0,0.0,0,0,0.0,0,0,0.0,224900,340704,0.602371977567344
roberta_encoder_layer_9_attention_self_key_bias,bias,768,1,12,1,2,7.068085,0,1,0.0,0,2,1.0,1,713,0.9985994397759104,0,52,1.0,53,714,0.9308996088657105,9,13,0.5909090909090909,119,562,0.8252569750367107,505,0,0.0,499,6,0.011881188118811881,490,15,0.0297029702970297,476,29,0.05742574257425743,0,0,0.0,0,0,0.0,262,505,0.6584093872229465
roberta_encoder_layer_9_attention_self_key_weight,weight,589824,288,8,0,1,6.600601,0,288,0.0,321,14151,0.9778192371475953,6992,280326,0.9756645946303399,6878,281156,0.9761208746189686,288166,287467,0.4993928423144608,41678,81512,0.6616770841789106,41331,80662,0.6612018722385711,437848,0,0.0,437135,713,0.0016284189947196287,0,0,0.0,0,0,0.0,0,0,0.0,0,0,0.0,137785,437848,0.7606374200228271
roberta_encoder_layer_9_attention_self_query_bias,bias,768,1,12,1,3,15.500936,1,1,1.0,0,0,0.0,0,0,0.0,0,0,0.0,0,0,0.0,0,0,0.0,0,0,0.0,0,0,0.0,0,0,0.0,0,0,0.0,0,0,0.0,0,0,0.0,0,0,0.0,0,0,0.0
roberta_encoder_layer_9_attention_self_query_weight,weight,589824,288,8,0,1,6.991596,0,288,0.0,301,12445,0.9763847481562843,6091,282930,0.9789254068043498,6072,281985,0.9789208385840302,288192,289168,0.5008452265484273,35703,71616,0.6673189276828894,35527,71010,0.666528999314792,457894,0,0.0,456975,919,0.0020070147239317397,0,0,0.0,0,0,0.0,0,0,0.0,0,0,0.0,119466,457894,0.7930823056671747
roberta_encoder_layer_9_attention_self_value_bias,bias,768,1,12,1,2,17.44577,1,1,1.0,0,0,0.0,0,0,0.0,0,0,0.0,0,0,0.0,0,0,0.0,0,0,0.0,0,0,0.0,0,0,0.0,0,0,0.0,0,0,0.0,0,0,0.0,0,0,0.0,0,0,0.0
roberta_encoder_layer_9_attention_self_value_weight,weight,589824,288,8,0,1,7.721083,24,288,0.08333333333333333,248,11990,0.9797352508579833,5784,260368,0.9782680573506868,5948,256334,0.9773221189406822,262417,266275,0.5036486271780167,33950,66867,0.6632512373905195,34433,67351,0.6617051795960073,414349,0,0.0,412874,1475,0.003559801037289821,0,0,0.0,0,0,0.0,0,0,0.0,0,0,0.0,114343,414349,0.7837247395458982
roberta_encoder_layer_9_intermediate_dense_bias,bias,3072,2,12,0,3,14.93853,2,2,1.0,0,0,0.0,0,0,0.0,0,0,0.0,0,0,0.0,0,0,0.0,0,0,0.0,0,0,0.0,0,0,0.0,0,0,0.0,0,0,0.0,0,0,0.0,0,0,0.0,0,0,0.0
roberta_encoder_layer_9_intermediate_dense_weight,weight,2359296,1152,8,1,1,6.745186,3,1152,0.0026041666666666665,2028,67613,0.9708792234459586,34409,1172450,0.9714887986086196,32086,1044566,0.9701983556432348,1077147,1207482,0.5285243249560432,191196,375602,0.6626734745006158,195797,385404,0.6631165465991972,1637324,1,6.107522941383048e-07,1635877,1448,0.0008843693219122655,0,0,0.0,0,0,0.0,0,0,0.0,0,0,0.0,647304,1637325,0.7166699713607767
roberta_encoder_layer_9_output_LayerNorm_bias,bias,768,1,12,1,2,12.626124,1,1,1.0,0,0,0.0,0,0,0.0,0,0,0.0,0,0,0.0,0,0,0.0,0,0,0.0,0,0,0.0,0,0,0.0,0,0,0.0,0,0,0.0,0,0,0.0,0,0,0.0,0,0,0.0
roberta_encoder_layer_9_output_LayerNorm_weight,weight,768,1,8,1,0,6.170568,0,1,0.0,0,31,1.0,21,370,0.9462915601023018,9,337,0.9739884393063584,346,392,0.5311653116531165,101,187,0.6493055555555556,108,242,0.6914285714285714,368,0,0.0,368,0,0.0,0,0,0.0,0,0,0.0,0,0,0.0,0,0,0.0,370,368,0.4986449864498645
roberta_encoder_layer_9_output_dense_bias,bias,768,1,12,1,2,18.882462,1,1,1.0,0,0,0.0,0,0,0.0,0,0,0.0,0,0,0.0,0,0,0.0,0,0,0.0,0,0,0.0,0,0,0.0,0,0,0.0,0,0,0.0,0,0,0.0,0,0,0.0,0,0,0.0
roberta_encoder_layer_9_output_dense_weight,weight,2359296,1152,8,0,1,6.066612,1,1152,0.0008680555555555555,5281,102074,0.9508080666946114,50493,1074104,0.9551012496031912,50471,1074825,0.9551486897669591,1125853,1125150,0.49984384738714255,289176,535219,0.6492264023920572,288068,535162,0.6500759204596528,1293985,0,0.0,1293785,200,0.0001545612970784051,0,0,0.0,0,0,0.0,0,0,0.0,0,0,0.0,957018,1293985,0.5748481898957931
